-- phpMyAdmin SQL Dump
-- version 3.4.11.1deb2.1
-- http://www.phpmyadmin.net
--
-- Host: 186.202.152.61
-- Generation Time: Aug 20, 2013 at 10:34 PM
-- Server version: 5.1.68
-- PHP Version: 5.3.3-7+squeeze15

SET SQL_MODE="NO_AUTO_VALUE_ON_ZERO";
SET time_zone = "+00:00";


/*!40101 SET @OLD_CHARACTER_SET_CLIENT=@@CHARACTER_SET_CLIENT */;
/*!40101 SET @OLD_CHARACTER_SET_RESULTS=@@CHARACTER_SET_RESULTS */;
/*!40101 SET @OLD_COLLATION_CONNECTION=@@COLLATION_CONNECTION */;
/*!40101 SET NAMES utf8 */;

--
-- Database: `site1369837937`
--

-- --------------------------------------------------------

--
-- Table structure for table `admins`
--

CREATE TABLE IF NOT EXISTS `admins` (
  `nome` varchar(30) NOT NULL,
  `usuario` varchar(30) NOT NULL,
  `senha` varchar(40) NOT NULL,
  `id` int(11) NOT NULL AUTO_INCREMENT,
  PRIMARY KEY (`id`)
) ENGINE=InnoDB  DEFAULT CHARSET=latin1 AUTO_INCREMENT=4 ;

--
-- Dumping data for table `admins`
--

INSERT INTO `admins` (`nome`, `usuario`, `senha`, `id`) VALUES
('William', 'William', 'f7b369fe65b104d3874c86d573d4d498cb760bb2', 1),
('Wallison Martins', 'Wally', '36f054fe7e191caffccf6081e8ab24447b5ceee0', 2),
('teste', 'teste', '40bd001563085fc35165329ea1ff5c5ecbdbbeef', 3);

-- --------------------------------------------------------

--
-- Table structure for table `empresas`
--

CREATE TABLE IF NOT EXISTS `empresas` (
  `id` int(11) NOT NULL AUTO_INCREMENT,
  `razao_social` varchar(100) NOT NULL,
  `nome_fantasia` varchar(100) NOT NULL,
  `cnpj` varchar(20) NOT NULL,
  `registro_ans` varchar(7) NOT NULL,
  `categoria` varchar(255) NOT NULL,
  `nome_representante` varchar(255) NOT NULL,
  `email_representante` varchar(100) NOT NULL,
  `usuario` varchar(100) NOT NULL,
  `senha` varchar(100) NOT NULL,
  `status` enum('a','d','b') NOT NULL DEFAULT 'a',
  `data_cadastro` timestamp NOT NULL DEFAULT CURRENT_TIMESTAMP,
  `redefinicao_senha` enum('s','n') NOT NULL DEFAULT 'n',
  PRIMARY KEY (`id`)
) ENGINE=InnoDB  DEFAULT CHARSET=latin1 COMMENT='	' AUTO_INCREMENT=10 ;

--
-- Dumping data for table `empresas`
--

INSERT INTO `empresas` (`id`, `razao_social`, `nome_fantasia`, `cnpj`, `registro_ans`, `categoria`, `nome_representante`, `email_representante`, `usuario`, `senha`, `status`, `data_cadastro`, `redefinicao_senha`) VALUES
(4, 'Empresa Teste', 'Teste', '786876786', '7868767', 'Saúde', 'sdsdsdsd', 'wally.bmc@gmail.com', 'Wallybmc', 'c968b796d80014526fb9c124ebb25f3d51eb03eb', 'a', '2013-06-30 00:39:46', 'n'),
(6, 'Agência KMCNigro Comunicação integrada', 'Agência KMCNigro', '0011155446688779', '115599', 'Saúde', 'Gleidson Brito', 'gleidson@kmcnigro.com.br', 'agenciakmc', '676b78bb0c6e1bcdaf0da8d388cf7d99bb8b3973', 'a', '2013-07-18 20:52:06', 'n'),
(7, 'andlasnjkdn', 'kjndjkasnkdj', 'nkjdnaskjndjkan', 'jkdnjks', 'jkdnjkasndkjn', 'jkdnsakjndjkasnk', 'jndkjsandjksnadksjand', 'agenciakmcnigro', '676b78bb0c6e1bcdaf0da8d388cf7d99bb8b3973', 'a', '2013-07-26 04:23:21', 'n'),
(8, 'Agência KMCNigro Propaganda e Marketing', 'KMCNigro', '06.990.590/0001-23', '1546515', 'Saúde', 'Gleidson Brito Santana', 'gleidson@kmcnigro.com.br', 'gleidson', '676b78bb0c6e1bcdaf0da8d388cf7d99bb8b3973', 'a', '2013-08-01 19:01:27', 'n'),
(9, 'BMV CONSULTORIA', 'BMV', '61.849.980/0001-96', '325075', 'MEDICINA', 'JOSE RAFIC', 'wally@bmvconsultoria.com.br', 'rafic', '733865c7007c44e2d45845f50b4ea815cd1c913b', 'a', '2013-08-02 01:54:52', 'n');

-- --------------------------------------------------------

--
-- Table structure for table `empresas_participantes_grupos`
--

CREATE TABLE IF NOT EXISTS `empresas_participantes_grupos` (
  `id` int(11) NOT NULL AUTO_INCREMENT,
  `empresa_id` int(11) DEFAULT NULL,
  `grupo_id` int(11) DEFAULT NULL,
  PRIMARY KEY (`id`),
  KEY `foreignkey_empresa_grupo_1_idx` (`empresa_id`),
  KEY `foreignkey_empresa_grupo_2_idx` (`grupo_id`)
) ENGINE=InnoDB  DEFAULT CHARSET=latin1 AUTO_INCREMENT=9 ;

--
-- Dumping data for table `empresas_participantes_grupos`
--

INSERT INTO `empresas_participantes_grupos` (`id`, `empresa_id`, `grupo_id`) VALUES
(7, 9, 2),
(8, 9, 1);

-- --------------------------------------------------------

--
-- Table structure for table `empresa_tipo_informativo`
--

CREATE TABLE IF NOT EXISTS `empresa_tipo_informativo` (
  `id` int(11) NOT NULL AUTO_INCREMENT,
  `empresa_id` int(11) DEFAULT NULL,
  `tipo_informativo_id` int(11) DEFAULT NULL,
  PRIMARY KEY (`id`),
  KEY `foreign_key_empresa_tipo_informativo_2_idx` (`tipo_informativo_id`),
  KEY `foreign_key_empresa_tipo_informativo_1_idx` (`empresa_id`)
) ENGINE=InnoDB  DEFAULT CHARSET=latin1 AUTO_INCREMENT=79 ;

--
-- Dumping data for table `empresa_tipo_informativo`
--

INSERT INTO `empresa_tipo_informativo` (`id`, `empresa_id`, `tipo_informativo_id`) VALUES
(3, 6, 1),
(10, 7, 1),
(11, 7, 2),
(12, 7, 3),
(13, 8, 1),
(14, 8, 2),
(15, 8, 3),
(41, 4, 1),
(42, 4, 2),
(43, 4, 3),
(44, 4, 4),
(45, 4, 5),
(46, 4, 6),
(73, 9, 1),
(74, 9, 2),
(75, 9, 3),
(76, 9, 4),
(77, 9, 5),
(78, 9, 6);

-- --------------------------------------------------------

--
-- Table structure for table `funcionarios`
--

CREATE TABLE IF NOT EXISTS `funcionarios` (
  `id` int(11) NOT NULL AUTO_INCREMENT,
  `nome` varchar(100) NOT NULL,
  `email` varchar(60) NOT NULL,
  `empresa_id` int(11) NOT NULL,
  `data_cadastro` timestamp NULL DEFAULT NULL,
  PRIMARY KEY (`id`),
  KEY `funcionario_fk_empresa_idx` (`empresa_id`)
) ENGINE=InnoDB  DEFAULT CHARSET=latin1 AUTO_INCREMENT=16 ;

--
-- Dumping data for table `funcionarios`
--

INSERT INTO `funcionarios` (`id`, `nome`, `email`, `empresa_id`, `data_cadastro`) VALUES
(3, 'Gleidson Brito', 'gleidson@kmcnigro.com.br', 4, '2013-06-30 15:33:01'),
(14, 'Gleidson Brito Santana', 'gleidsonbrito.ads@gmail.com', 4, '2013-07-03 17:35:11'),
(15, 'financeiro', 'financeiro@wallyconsultoria.com.br', 9, NULL);

-- --------------------------------------------------------

--
-- Table structure for table `func_tipo_informativo`
--

CREATE TABLE IF NOT EXISTS `func_tipo_informativo` (
  `id` int(15) NOT NULL AUTO_INCREMENT,
  `funcionario_id` int(11) NOT NULL,
  `tipo_informativo_id` int(11) NOT NULL,
  PRIMARY KEY (`id`),
  KEY `func_tipo_funcionario_id` (`funcionario_id`),
  KEY `func_tipo_informativo_ibfk_2_idx` (`tipo_informativo_id`)
) ENGINE=InnoDB  DEFAULT CHARSET=latin1 AUTO_INCREMENT=69 ;

--
-- Dumping data for table `func_tipo_informativo`
--

INSERT INTO `func_tipo_informativo` (`id`, `funcionario_id`, `tipo_informativo_id`) VALUES
(46, 14, 1),
(47, 14, 2),
(58, 3, 1),
(59, 3, 2),
(63, 15, 1),
(64, 15, 2),
(65, 15, 3),
(66, 15, 4),
(67, 15, 5),
(68, 15, 6);

-- --------------------------------------------------------

--
-- Table structure for table `grupos_empresas`
--

CREATE TABLE IF NOT EXISTS `grupos_empresas` (
  `id` int(11) NOT NULL AUTO_INCREMENT,
  `nome` varchar(50) NOT NULL,
  `data_criacao` timestamp NOT NULL DEFAULT CURRENT_TIMESTAMP,
  PRIMARY KEY (`id`)
) ENGINE=InnoDB  DEFAULT CHARSET=latin1 COMMENT='				' AUTO_INCREMENT=3 ;

--
-- Dumping data for table `grupos_empresas`
--

INSERT INTO `grupos_empresas` (`id`, `nome`, `data_criacao`) VALUES
(1, 'Seguradoras', '2013-07-24 02:42:56'),
(2, 'Contador', '2013-08-07 15:12:52');

-- --------------------------------------------------------

--
-- Table structure for table `informativos`
--

CREATE TABLE IF NOT EXISTS `informativos` (
  `id` int(11) NOT NULL AUTO_INCREMENT,
  `titulo` varchar(250) NOT NULL,
  `conteudo` text NOT NULL,
  `tipo_informativo_id` int(11) DEFAULT NULL,
  `data_cadastro` datetime NOT NULL,
  `status` enum('s','r','e') NOT NULL DEFAULT 'r',
  `grupo_empresa_id` int(11) DEFAULT NULL,
  PRIMARY KEY (`id`),
  KEY `fk_informativos_1` (`tipo_informativo_id`),
  KEY `fk_informativos_2_idx` (`grupo_empresa_id`)
) ENGINE=InnoDB  DEFAULT CHARSET=latin1 AUTO_INCREMENT=169 ;

--
-- Dumping data for table `informativos`
--

INSERT INTO `informativos` (`id`, `titulo`, `conteudo`, `tipo_informativo_id`, `data_cadastro`, `status`, `grupo_empresa_id`) VALUES
(132, 'Novidades na saúde', '<p>&nbsp;</p>\n<h1>ANS promove semin&aacute;rio sobre mudan&ccedil;as no perfil da popula&ccedil;&atilde;o brasileira</h1>\n<div class="article-content">\n<p>Est&atilde;o abertas as inscri&ccedil;&otilde;es para o semin&aacute;rio &ldquo;As mudan&ccedil;as demogr&aacute;ficas e seus impactos sobre a Sa&uacute;de Suplementar&rdquo;, que a Ag&ecirc;ncia Nacional de Sa&uacute;de Suplementar (ANS) ir&aacute; promover no dia 14 de agosto, das 8h30 &agrave;s 17h, no Rio de Janeiro, para institui&ccedil;&otilde;es que atuam na sa&uacute;de suplementar.</p>\n<p>No evento, ser&atilde;o discutidas as mudan&ccedil;as no perfil da popula&ccedil;&atilde;o brasileira, com destaque para o aumento da expectativa de vida e a queda da fecundidade, que refletem um quadro de envelhecimento. As palestras colocar&atilde;o em debate os impactos que tais mudan&ccedil;as trar&atilde;o, em longo prazo, para os modelos atuais de financiamento do setor.</p>\n<p>O tema fez parte da Agenda Regulat&oacute;ria 2011/2012 da ANS, em que se prop&ocirc;s o estudo do Pacto Intergeracional e da precifica&ccedil;&atilde;o dos planos de Sa&uacute;de.</p>\n<p>Inscri&ccedil;&otilde;es e informa&ccedil;&otilde;es no folder abaixo.</p>\n<p><a href="http://www.ans.gov.br/images/stories/noticias/imagem/20130723convite-email.jpg" target="_blank"><img src="http://www.ans.gov.br/images/stories/noticias/imagem/20130723convite-email.jpg" alt="20130723convite-email" width="550" height="1099" /></a></p>\n</div>\n<p>&nbsp;</p>', NULL, '2013-12-01 16:12:32', 'e', NULL),
(135, 'Reajuste anual de planos de saúde', '<p>\n<h1>Funcionamento ANS na Jornada Mundial da Juventude</h1>\n<div class="article-tools">\n<div class="dataPublicacao">Data de publica&ccedil;&atilde;o:&nbsp;<span class="createdate">Quarta-feira, 17/07/2013</span></div>\n</div>\n<div class="article-content">\n<p>Devido &agrave; realiza&ccedil;&atilde;o da Jornada Mundial da Juventude, na semana de 23 a 28 de julho, o hor&aacute;rio de funcionamento na Sede da ANS e no N&uacute;cleo da Ag&ecirc;ncia no Rio de Janeiro ser&aacute; alterado. No dia 23/07, ter&ccedil;a-feira, as atividades ser&atilde;o encerradas &agrave;s 16h. Nos dias 25/07 e 26/07, quinta e sexta-feira, n&atilde;o haver&aacute; expediente. J&aacute; no dia 29/07, segunda-feira, o funcionamento ser&aacute; ap&oacute;s &agrave;s 12h. O atendimento aos benefici&aacute;rios ser&aacute; feito normalmente pelo Disque ANS (0800 701 9656), das 8h &agrave;s 20h, ou pela Central de Atendimento ao Consumidor no portal da Ag&ecirc;ncia (<a href="http://www.ans.gov.br/" target="_blank">www.ans.gov.br</a>).</p>\n</div>\n</p>', NULL, '2013-12-01 16:12:32', 'e', NULL),
(136, 'Funcionamento ANS na Jornada Mundial da Juventude', '<p>\n<h1>Funcionamento ANS na Jornada Mundial da Juventude</h1>\n<div class="article-tools">\n<div class="dataPublicacao">Data de publica&ccedil;&atilde;o:&nbsp;<span class="createdate">Quarta-feira, 17/07/2013</span></div>\n</div>\n<div class="article-content">\n<p>Devido &agrave; realiza&ccedil;&atilde;o da Jornada Mundial da Juventude, na semana de 23 a 28 de julho, o hor&aacute;rio de funcionamento na Sede da ANS e no N&uacute;cleo da Ag&ecirc;ncia no Rio de Janeiro ser&aacute; alterado. No dia 23/07, ter&ccedil;a-feira, as atividades ser&atilde;o encerradas &agrave;s 16h. Nos dias 25/07 e 26/07, quinta e sexta-feira, n&atilde;o haver&aacute; expediente. J&aacute; no dia 29/07, segunda-feira, o funcionamento ser&aacute; ap&oacute;s &agrave;s 12h. O atendimento aos benefici&aacute;rios ser&aacute; feito normalmente pelo Disque ANS (0800 701 9656), das 8h &agrave;s 20h, ou pela Central de Atendimento ao Consumidor no portal da Ag&ecirc;ncia (<a href="http://www.ans.gov.br/" target="_blank">www.ans.gov.br</a>).</p>\n</div>\n</p>', NULL, '2013-12-01 16:12:32', 'e', NULL),
(137, 'Funcionamento ANS', '<p>&nbsp;</p>\n<h1>Funcionamento ANS na Jornada Mundial da Juventude</h1>\n<div class="article-tools">\n<div class="dataPublicacao">Data de publica&ccedil;&atilde;o:&nbsp;<span class="createdate">Quarta-feira, 17/07/2013</span></div>\n</div>\n<div class="article-content">\n<p>Devido &agrave; realiza&ccedil;&atilde;o da Jornada Mundial da Juventude, na semana de 23 a 28 de julho, o hor&aacute;rio de funcionamento na Sede da ANS e no N&uacute;cleo da Ag&ecirc;ncia no Rio de Janeiro ser&aacute; alterado. No dia 23/07, ter&ccedil;a-feira, as atividades ser&atilde;o encerradas &agrave;s 16h. Nos dias 25/07 e 26/07, quinta e sexta-feira, n&atilde;o haver&aacute; expediente. J&aacute; no dia 29/07, segunda-feira, o funcionamento ser&aacute; ap&oacute;s &agrave;s 12h. O atendimento aos benefici&aacute;rios ser&aacute; feito normalmente pelo Disque ANS (0800 701 9656), das 8h &agrave;s 20h, ou pela Central de Atendimento ao Consumidor no portal da Ag&ecirc;ncia (<a href="http://www.ans.gov.br/" target="_blank">www.ans.gov.br</a>).</p>\n</div>\n<p>&nbsp;</p>', NULL, '2013-12-01 16:12:32', 'e', NULL),
(138, 'Funcionamento ANS na Jornada Mundial da Juventude', '<p>\n<h1>Funcionamento ANS na Jornada Mundial da Juventude</h1>\n<div class="article-tools">\n<div class="dataPublicacao">Data de publica&ccedil;&atilde;o:&nbsp;<span class="createdate">Quarta-feira, 17/07/2013</span></div>\n</div>\n<div class="article-content">\n<p>Devido &agrave; realiza&ccedil;&atilde;o da Jornada Mundial da Juventude, na semana de 23 a 28 de julho, o hor&aacute;rio de funcionamento na Sede da ANS e no N&uacute;cleo da Ag&ecirc;ncia no Rio de Janeiro ser&aacute; alterado. No dia 23/07, ter&ccedil;a-feira, as atividades ser&atilde;o encerradas &agrave;s 16h. Nos dias 25/07 e 26/07, quinta e sexta-feira, n&atilde;o haver&aacute; expediente. J&aacute; no dia 29/07, segunda-feira, o funcionamento ser&aacute; ap&oacute;s &agrave;s 12h. O atendimento aos benefici&aacute;rios ser&aacute; feito normalmente pelo Disque ANS (0800 701 9656), das 8h &agrave;s 20h, ou pela Central de Atendimento ao Consumidor no portal da Ag&ecirc;ncia (<a href="http://www.ans.gov.br/" target="_blank">www.ans.gov.br</a>).</p>\n</div>\n</p>', 2, '2013-08-01 00:00:00', 'e', NULL),
(140, 'Reajuste Financeiro de Mensalidades – Planos Médico-Hospitalares - RN/ANS nº 171', '<p>Os crit&eacute;rios para aplica&ccedil;&atilde;o do reajuste financeiro anual das mensalidades dos planos privados de assist&ecirc;ncia &agrave; sa&uacute;de m&eacute;dico-hospitalares, com ou sem cobertura odontol&oacute;gica...</p>', 1, '2013-08-01 07:02:53', 'e', 1),
(142, 'Reajuste Financeiro de Mensalidades', '<p>Os crit&eacute;rios para aplica&ccedil;&atilde;o do reajuste financeiro anual das mensalidades dos planos privados de assist&ecirc;ncia &agrave; sa&uacute;de m&eacute;dico-hospitalares, com ou sem cobertura odontol&oacute;gica...</p>\n<p>&nbsp;</p>', 2, '2013-08-01 04:46:00', 'e', 1),
(143, 'Reajuste Financeiro de Mensalidades – Planos Médico-Hospitalares - RN/ANS nº 171', '<p>Reajuste Financeiro de Mensalidades &ndash; Planos M&eacute;dico-Hospitalares - RN/ANS n&ordm; 171</p>\n<p>&nbsp;</p>', 3, '2013-08-01 04:47:28', 'e', 1),
(147, 'Portabilidade especial para beneficiários da SESEF - Serviço Social das Estradas de Ferro', '<p>A Ag&ecirc;ncia Nacional de Sa&uacute;de Suplementar (ANS) decretou portabilidade especial para os benefici&aacute;rios da operadora SESEF &ndash; Servi&ccedil;o Social das Estradas de Ferro. A medida facilita a movimenta&ccedil;&atilde;o dos benefici&aacute;rios para outras operadoras de planos de sa&uacute;de, j&aacute; que a SESEF est&aacute; em risco de n&atilde;o manter a assist&ecirc;ncia contratada por eles. Desde o ano passado, a operadora estava novamente em regime especial de dire&ccedil;&atilde;o fiscal, ou seja, era acompanhada in loco por agente nomeado pela ANS.</p>\n<p>A partir desta quarta-feira (31/7), os benefici&aacute;rios da SESEF ter&atilde;o 60 dias para trocar de operadora sem cumprir car&ecirc;ncia ou cobertura parcial tempor&aacute;ria no plano novo. As Resolu&ccedil;&otilde;es Normativas RN n&ordm; 186/2009 e RN n&ordm; 252/2011 e a Instru&ccedil;&atilde;o Normativa IN n&ordm; 19/DIPRO/2009, que regulamentam o tema, estabelecem faixas de pre&ccedil;os. Os pre&ccedil;os variam de acordo com cada operadora. Portanto, n&atilde;o h&aacute; como garantir o mesmo pre&ccedil;o nos planos de origem e destino para efeito de utiliza&ccedil;&atilde;o da regra de portabilidade de car&ecirc;ncias.</p>\n<p>A faixa de pre&ccedil;o do plano de destino deve ser igual ou inferior &agrave;quela em que se enquadra o plano de origem. Para fazer a portabilidade especial do plano de sa&uacute;de, o benefici&aacute;rio dever&aacute; observar o seguinte:</p>\n<p>1) Consultar o Guia de Planos ANS (no portal&nbsp;<a href="http://www.ans.gov.br/" target="_blank">www.ans.gov.br</a>) para identificar planos de sa&uacute;de compat&iacute;veis para fins de portabilidade especial de car&ecirc;ncias. Para o benefici&aacute;rio identificar um plano compat&iacute;vel, &eacute; necess&aacute;rio ter o n&uacute;mero do plano, que tamb&eacute;m pode ser obtido com a sua operadora de origem (no caso, a SESEF).</p>\n<p>2) Os benefici&aacute;rios de planos anteriores &agrave; Lei 9.656 (contratados at&eacute; 01/01/1999), bem como aqueles que est&atilde;o com planos suspensos, dever&atilde;o informar no Guia de Planos ANS o valor da mensalidade constante no boleto de pagamento para a identifica&ccedil;&atilde;o da sua faixa de pre&ccedil;os (de 1 a 5 cifr&otilde;es no Guia) e da segmenta&ccedil;&atilde;o de seu atual produto.</p>\n<p>3) Dirigir-se &agrave; operadora do plano de sa&uacute;de escolhida levando o relat&oacute;rio de planos em tipo compat&iacute;vel (que deve ser impresso ao final da consulta em Guia de Planos ANS e tem prazo de validade de 5 dias &uacute;teis).</p>\n<p>4) Apresentar os seguintes documentos na data da assinatura da proposta de ades&atilde;o: c&oacute;pia dos comprovantes de pagamento de pelo menos quatro boletos vencidos, referentes ao per&iacute;odo de seis meses e, caso o plano de destino seja coletivo por ades&atilde;o, levar c&oacute;pia do comprovante de v&iacute;nculo com a pessoa jur&iacute;dica contratante.</p>\n<p>5) Aguardar a resposta da operadora do plano de destino, que dever&aacute; ser dada em at&eacute; 20 dias ap&oacute;s a assinatura da proposta de ades&atilde;o.</p>\n<p>6) Se a operadora do plano de destino n&atilde;o responder no prazo estabelecido acima, considera-se que ela aceitou a proposta com portabilidade especial. Nesse caso, recomenda-se que seja feito contato para confirmar o ingresso na nova operadora e solicitar a carteira de identifica&ccedil;&atilde;o do plano.</p>\n<p>7) O contrato do plano de destino entra em vigor 10 dias ap&oacute;s aceito pela operadora.</p>\n<p>8) A portabilidade especial poder&aacute; ser feita mesmo para o benefici&aacute;rio que ainda esteja cumprindo car&ecirc;ncia. Neste caso, a car&ecirc;ncia restante ser&aacute; cumprida na nova operadora.</p>\n<p><a href="http://portabilidade.ans.gov.br/guiadeplanos/" target="_blank">Acesse o Guia de Planos da ANS</a></p>\n<p><a href="http://www.ans.gov.br/images/stories/noticias/pdf/20130125_PASSO-A-PASSO_PORTABILIDADE_ESPECIAL_SESEF_MM.pdf" target="_blank">Veja o passo-a-passo para realizar a Portabilidade Especial</a></p>\n<p>Confira a&nbsp;<a href="http://www.ans.gov.br/index2.php?option=com_legislacao&amp;view=legislacao&amp;task=TextoLei&amp;format=raw&amp;id=2510" target="_blank">Resolu&ccedil;&atilde;o Operacional n&ordm; 1484</a>, de 30 de julho de 2013 (publicada no Di&aacute;rio Oficial da Uni&atilde;o em 31/7/2013)</p>\n<p>&nbsp;</p>\n<p><img src="http://www.wallyconsultoria.com.br/site/assets/uploads/images/logo.png" alt="" width="255" height="115" /></p>', 1, '2013-08-05 06:58:40', 'e', 1),
(150, 'Portabilidade especial para beneficiários da SESEF - Serviço Social das Estradas de Ferro', '<p>A Ag&ecirc;ncia Nacional de Sa&uacute;de Suplementar (ANS) decretou portabilidade especial para os benefici&aacute;rios da operadora SESEF &ndash; Servi&ccedil;o Social das Estradas de Ferro. A medida facilita a movimenta&ccedil;&atilde;o dos benefici&aacute;rios para outras operadoras de planos de sa&uacute;de, j&aacute; que a SESEF est&aacute; em risco de n&atilde;o manter a assist&ecirc;ncia contratada por eles. Desde o ano passado, a operadora estava novamente em regime especial de dire&ccedil;&atilde;o fiscal, ou seja, era acompanhada in loco por agente nomeado pela ANS.</p>\n<p>A partir desta quarta-feira (31/7), os benefici&aacute;rios da SESEF ter&atilde;o 60 dias para trocar de operadora sem cumprir car&ecirc;ncia ou cobertura parcial tempor&aacute;ria no plano novo. As Resolu&ccedil;&otilde;es Normativas RN n&ordm; 186/2009 e RN n&ordm; 252/2011 e a Instru&ccedil;&atilde;o Normativa IN n&ordm; 19/DIPRO/2009, que regulamentam o tema, estabelecem faixas de pre&ccedil;os. Os pre&ccedil;os variam de acordo com cada operadora. Portanto, n&atilde;o h&aacute; como garantir o mesmo pre&ccedil;o nos planos de origem e destino para efeito de utiliza&ccedil;&atilde;o da regra de portabilidade de car&ecirc;ncias.</p>\n<p>A faixa de pre&ccedil;o do plano de destino deve ser igual ou inferior &agrave;quela em que se enquadra o plano de origem. Para fazer a portabilidade especial do plano de sa&uacute;de, o benefici&aacute;rio dever&aacute; observar o seguinte:</p>\n<p>1) Consultar o Guia de Planos ANS (no portal&nbsp;<a href="http://www.ans.gov.br/" target="_blank">www.ans.gov.br</a>) para identificar planos de sa&uacute;de compat&iacute;veis para fins de portabilidade especial de car&ecirc;ncias. Para o benefici&aacute;rio identificar um plano compat&iacute;vel, &eacute; necess&aacute;rio ter o n&uacute;mero do plano, que tamb&eacute;m pode ser obtido com a sua operadora de origem (no caso, a SESEF).</p>\n<p>2) Os benefici&aacute;rios de planos anteriores &agrave; Lei 9.656 (contratados at&eacute; 01/01/1999), bem como aqueles que est&atilde;o com planos suspensos, dever&atilde;o informar no Guia de Planos ANS o valor da mensalidade constante no boleto de pagamento para a identifica&ccedil;&atilde;o da sua faixa de pre&ccedil;os (de 1 a 5 cifr&otilde;es no Guia) e da segmenta&ccedil;&atilde;o de seu atual produto.</p>\n<p>3) Dirigir-se &agrave; operadora do plano de sa&uacute;de escolhida levando o relat&oacute;rio de planos em tipo compat&iacute;vel (que deve ser impresso ao final da consulta em Guia de Planos ANS e tem prazo de validade de 5 dias &uacute;teis).</p>\n<p>4) Apresentar os seguintes documentos na data da assinatura da proposta de ades&atilde;o: c&oacute;pia dos comprovantes de pagamento de pelo menos quatro boletos vencidos, referentes ao per&iacute;odo de seis meses e, caso o plano de destino seja coletivo por ades&atilde;o, levar c&oacute;pia do comprovante de v&iacute;nculo com a pessoa jur&iacute;dica contratante.</p>\n<p>5) Aguardar a resposta da operadora do plano de destino, que dever&aacute; ser dada em at&eacute; 20 dias ap&oacute;s a assinatura da proposta de ades&atilde;o.</p>\n<p>6) Se a operadora do plano de destino n&atilde;o responder no prazo estabelecido acima, considera-se que ela aceitou a proposta com portabilidade especial. Nesse caso, recomenda-se que seja feito contato para confirmar o ingresso na nova operadora e solicitar a carteira de identifica&ccedil;&atilde;o do plano.</p>\n<p>7) O contrato do plano de destino entra em vigor 10 dias ap&oacute;s aceito pela operadora.</p>\n<p>8) A portabilidade especial poder&aacute; ser feita mesmo para o benefici&aacute;rio que ainda esteja cumprindo car&ecirc;ncia. Neste caso, a car&ecirc;ncia restante ser&aacute; cumprida na nova operadora.</p>\n<p><a href="http://portabilidade.ans.gov.br/guiadeplanos/" target="_blank">Acesse o Guia de Planos da ANS</a></p>\n<p><a href="http://www.ans.gov.br/images/stories/noticias/pdf/20130125_PASSO-A-PASSO_PORTABILIDADE_ESPECIAL_SESEF_MM.pdf" target="_blank">Veja o passo-a-passo para realizar a Portabilidade Especial</a></p>\n<p>Confira a&nbsp;<a href="http://www.ans.gov.br/index2.php?option=com_legislacao&amp;view=legislacao&amp;task=TextoLei&amp;format=raw&amp;id=2510" target="_blank">Resolu&ccedil;&atilde;o Operacional n&ordm; 1484</a>, de 30 de julho de 2013 (publicada no Di&aacute;rio Oficial da Uni&atilde;o em 31/7/2013)</p>\n<p>&nbsp;</p>\n<p><img src="http://www.wallyconsultoria.com.br/site/assets/uploads/images/logo.png" alt="" width="255" height="115" /></p>', 1, '2013-08-06 02:51:29', 'e', NULL),
(151, 'teste', '<p>teste</p>', 1, '2013-08-07 11:41:12', 'e', 1),
(153, 'ANS promove seminário sobre mudanças no perfil da população brasileira', '<h1>ANS promove semin&aacute;rio sobre mudan&ccedil;as no perfil da popula&ccedil;&atilde;o brasileira</h1>\n<div class="article-tools">\n<div class="dataPublicacao">Data de publica&ccedil;&atilde;o:&nbsp;<span class="createdate">Ter&ccedil;a-feira, 23/07/2013</span></div>\n</div>\n<div class="article-content">\n<p>Est&atilde;o abertas as inscri&ccedil;&otilde;es para o semin&aacute;rio &ldquo;As mudan&ccedil;as demogr&aacute;ficas e seus impactos sobre a Sa&uacute;de Suplementar&rdquo;, que a Ag&ecirc;ncia Nacional de Sa&uacute;de Suplementar (ANS) ir&aacute; promover no dia 14 de agosto, das 8h30 &agrave;s 17h, no Rio de Janeiro, para institui&ccedil;&otilde;es que atuam na sa&uacute;de suplementar.</p>\n<p>No evento, ser&atilde;o discutidas as mudan&ccedil;as no perfil da popula&ccedil;&atilde;o brasileira, com destaque para o aumento da expectativa de vida e a queda da fecundidade, que refletem um quadro de envelhecimento. As palestras colocar&atilde;o em debate os impactos que tais mudan&ccedil;as trar&atilde;o, em longo prazo, para os modelos atuais de financiamento do setor.</p>\n<p>O tema fez parte da Agenda Regulat&oacute;ria 2011/2012 da ANS, em que se prop&ocirc;s o estudo do Pacto Intergeracional e da precifica&ccedil;&atilde;o dos planos de Sa&uacute;de.</p>\n<p>Inscri&ccedil;&otilde;es e informa&ccedil;&otilde;es no folder abaixo.</p>\n<p><a href="http://www.ans.gov.br/images/stories/noticias/imagem/20130806convitemail.jpg" target="_blank"><img src="http://www.ans.gov.br/images/stories/noticias/imagem/20130806convitemail.jpg" alt="20130806convitemail" width="550" height="1099" /></a></p>\n</div>', 1, '2013-08-07 11:46:05', 'e', 1),
(154, 'INSTRUÇÃO NORMATIVA Nº 52, DE 21 DE MARÇO DE 2013', '<p><a href="http://www.ans.gov.br/index2.php?option=com_legislacao&amp;view=legislacao&amp;task=TextoLei&amp;format=raw&amp;id=2393">http://www.ans.gov.br/index2.php?option=com_legislacao&amp;view=legislacao&amp;task=TextoLei&amp;format=raw&amp;id=2393</a></p>\n<p>&nbsp;</p>\n<h1>INSTRU&Ccedil;&Atilde;O NORMATIVA N&ordm; 52, DE 21 DE MAR&Ccedil;O DE 2013</h1>\n<p class="ementa">Define as regras para a divulga&ccedil;&atilde;o da qualifica&ccedil;&atilde;o dos prestadores de servi&ccedil;os pelas operadoras de planos privados de assist&ecirc;ncia &agrave; sa&uacute;de em seus materiais de divulga&ccedil;&atilde;o da rede assistencial.</p>\n<p>[<a href="http://www.ans.gov.br/index2.php?option=com_legislacao&amp;view=legislacao&amp;task=TextoLei&amp;format=raw&amp;id=2393#correlacoes1" target="_self">correla&ccedil;&otilde;es</a>] [<a href="http://www.ans.gov.br/images/stories/Legislacao/in/in52anexo.pdf" target="_self">anexos</a>]</p>\n<p>O Diretor respons&aacute;vel pela Diretoria de Desenvolvimento Setorial - DIDES da Ag&ecirc;ncia Nacional de Sa&uacute;de Suplementar - ANS, em vista do que disp&otilde;em os artigos 7&ordm;, inciso II, e 9&ordm;, incisos III e IV, da Resolu&ccedil;&atilde;o Normativa - RN n&ordm; 267, de 24 de agosto de 2011; o artigo 23, inciso IV, o artigo 76, inciso I, al&iacute;nea "a", e o artigo 85, inciso I, al&iacute;nea "a", todos da RN n&ordm; 197, de 16 de julho de 2009, resolve:</p>\n<h2>CAP&Iacute;TULO I<br />DAS DISPOSI&Ccedil;&Otilde;ES PRELIMINARES</h2>\n<p>Art. 1&deg; Esta Instru&ccedil;&atilde;o Normativa - IN define as regras para a divulga&ccedil;&atilde;o da qualifica&ccedil;&atilde;o dos prestadores de servi&ccedil;os pelas operadoras de planos privados de assist&ecirc;ncia &agrave; sa&uacute;de em seus materiais de divulga&ccedil;&atilde;o da rede assistencial.</p>\n<p><strong>Par&aacute;grafo &uacute;nico</strong>. A divulga&ccedil;&atilde;o da qualifica&ccedil;&atilde;o dos prestadores de servi&ccedil;os, objeto da presente IN, compreende a divulga&ccedil;&atilde;o dos dados cadastrais referentes aos prestadores, com a respectiva padroniza&ccedil;&atilde;o da informa&ccedil;&atilde;o, e a divulga&ccedil;&atilde;o dos atributos da qualifica&ccedil;&atilde;o, especificados no art. 5&ordm; da RN n&ordm; 267, de 24 de agosto de 2011, que instituiu o Programa de Divulga&ccedil;&atilde;o da Qualifica&ccedil;&atilde;o de Prestadores de Servi&ccedil;os na Sa&uacute;de Suplementar.</p>\n<p>Art. 2&ordm; As regras disciplinadas nesta IN se aplicam tanto ao material impresso quanto ao meio eletr&ocirc;nico de divulga&ccedil;&atilde;o que contenham os prestadores de servi&ccedil;os pertencentes &agrave;s redes assistenciais das operadoras, ficando definidos os seguintes termos:</p>\n<p>I - material impresso de divulga&ccedil;&atilde;o da rede assistencial: todo aquele voltado &agrave; divulga&ccedil;&atilde;o da rede para os benefici&aacute;rios, como o guia de prestadores de servi&ccedil;os em sa&uacute;de e/ou similares, e o material de publicidade em que esteja identificado o prestador, seja por meio de folder, cartaz, outdoors ou similares; e</p>\n<p>II - meio eletr&ocirc;nico de divulga&ccedil;&atilde;o da rede assistencial: todo aquele que a operadora venha a disponibilizar ao p&uacute;blico na Internet, tais como: endere&ccedil;o eletr&ocirc;nico, m&iacute;dias, mensagens de correio eletr&ocirc;nico, redes sociais e similares.</p>\n<p>Art. 3&ordm; Todos os prestadores de servi&ccedil;os que fa&ccedil;am parte da rede assistencial da operadora, sejam pr&oacute;prios, contratados, credenciados, cooperados ou referenciados, incluindo a rede de contrata&ccedil;&atilde;o indireta, dever&atilde;o ter as suas informa&ccedil;&otilde;es divulgadas nos termos e na forma desta IN.</p>\n<h2>CAP&Iacute;TULO II<br />DAS DISPOSI&Ccedil;&Otilde;ES GERAIS</h2>\n<p>Art. 4&ordm; Os dados referentes &agrave; qualifica&ccedil;&atilde;o dos prestadores de servi&ccedil;os dever&atilde;o ser divulgados agrupados por munic&iacute;pio e em, no m&iacute;nimo, tr&ecirc;s grupos, quais sejam:</p>\n<p>I - prestadores de servi&ccedil;os hospitalares, especificando separadamente urg&ecirc;ncias e emerg&ecirc;ncias;&nbsp;</p>\n<p>II - prestadores de servi&ccedil;os auxiliares de diagn&oacute;stico e terapia e cl&iacute;nicas ambulatoriais;</p>\n<p>III - profissionais de sa&uacute;de ou pessoas jur&iacute;dicas que prestam servi&ccedil;os em consult&oacute;rios.</p>\n<p>&sect; 1&deg; Somente ser&atilde;o considerados como prestadores de servi&ccedil;os hospitalares, mencionados no inciso I do caput, as entidades que forem contratadas para prestar servi&ccedil;o de interna&ccedil;&atilde;o.</p>\n<p>&sect; 2&deg; Os grupos aludidos nos incisos do caput devem ser divididos em subgrupos, de acordo com a(s) especialidade(s) ou servi&ccedil;o(s) coberto(s) pela operadora.</p>\n<p>&sect; 3&deg; Cada prestador de servi&ccedil;os dever&aacute; ter seus dados divulgados em todos os subgrupos em que for contratado, de acordo com o contrato firmado junto &agrave; operadora, nos moldes das regulamenta&ccedil;&otilde;es espec&iacute;ficas da ANS que estabelecem os requisitos para a<br />celebra&ccedil;&atilde;o dos instrumentos jur&iacute;dicos firmados entre as operadoras e os diversos prestadores de servi&ccedil;os.</p>\n<p>Art. 5&ordm; Os atributos de qualifica&ccedil;&atilde;o dos prestadores de servi&ccedil;os, especificados no art. 5&ordm; da RN n &ordm; 267, de 2011, dever&atilde;o ser divulgados de acordo com a padroniza&ccedil;&atilde;o descrita no Anexo desta IN, sempre que autorizados e/ou solicitados pelos pr&oacute;prios prestadores de servi&ccedil;os.</p>\n<p><strong>Par&aacute;grafo &uacute;nico</strong>. Para fins desta IN, quando se tratar do atributo acredita&ccedil;&atilde;o com a identifica&ccedil;&atilde;o da entidade acreditadora, tanto para prestadores hospitalares quanto para prestadores auxiliares de diagn&oacute;stico e terapia e cl&iacute;nicas ambulatoriais, descritos nas al&iacute;nea "a" dos incisos I e II do art. 5&ordm; da RN n &ordm; 267, de 2011, a divulga&ccedil;&atilde;o seguir&aacute; os seguintes par&acirc;metros:</p>\n<p>I - quando se tratar de metodologia de acredita&ccedil;&atilde;o por n&iacute;veis, s&oacute; dever&atilde;o receber o &iacute;cone referente ao atributo aqueles prestadores que atingirem o n&iacute;vel m&aacute;ximo de acredita&ccedil;&atilde;o; ou</p>\n<p>II - quando se tratar de metodologia de acredita&ccedil;&atilde;o sem n&iacute;veis, ou seja, n&atilde;o escalonada, a obten&ccedil;&atilde;o do certificado de acredita&ccedil;&atilde;o confere o direito de receber o &iacute;cone referente ao atributo.</p>\n<h3>Se&ccedil;&atilde;o I<br />Da Divulga&ccedil;&atilde;o da Qualifica&ccedil;&atilde;o em Material Impresso</h3>\n<p>Art. 6&ordm; Na divulga&ccedil;&atilde;o da qualifica&ccedil;&atilde;o dos prestadores de servi&ccedil;os em material impresso, al&eacute;m da observ&acirc;ncia dos artigos 4&ordm; e</p>\n<p>5&ordm; desta IN, a operadora deve informar:</p>\n<p>I - o endere&ccedil;o do prestador, com logradouro, n&uacute;mero e bairro;</p>\n<p>II - tipo de estabelecimento;</p>\n<p>III - nome fantasia do estabelecimento, se houver, al&eacute;m da raz&atilde;o social caso se trate de pessoa jur&iacute;dica; e</p>\n<p>IV - nome do profissional, caso se trate de pessoa natural, com o n&uacute;mero de registro no respectivo Conselho Profissional.</p>\n<p>&sect; 1&deg; O guia impresso de prestadores de servi&ccedil;os e/ou similar deve ser organizado de acordo com o nome comercial e o registro/ cadastro junto &agrave; ANS dos planos de sa&uacute;de que garantem seu atendimento.</p>\n<p>&sect; 2&deg; Deve ser garantido ao benefici&aacute;rio o direito de receber o guia impresso de prestadores de servi&ccedil;os e/ou similar, sempre que solicitado.</p>\n<p>Art. 7&ordm; As operadoras dever&atilde;o reservar um espa&ccedil;o em seu material impresso de divulga&ccedil;&atilde;o da rede assistencial para conter a descri&ccedil;&atilde;o pormenorizada dos atributos de qualifica&ccedil;&atilde;o por tipo de prestador, e tamb&eacute;m uma legenda para os &iacute;cones (representa&ccedil;&atilde;o gr&aacute;fica) de cada atributo, seguindo a classifica&ccedil;&atilde;o definida no art. 4&ordm; e as descri&ccedil;&otilde;es constantes do anexo desta IN.</p>\n<p>&sect; 1&ordm; O material impresso de divulga&ccedil;&atilde;o da rede, como o guia de prestadores e similares, deve conter as seguintes informa&ccedil;&otilde;es:</p>\n<p>I - a descri&ccedil;&atilde;o pormenorizada dos atributos de qualifica&ccedil;&atilde;o padronizada conforme item A do Cap&iacute;tulo I do Anexo desta IN, acompanhada do seu &iacute;cone (representa&ccedil;&atilde;o gr&aacute;fica) correspondente, devendo tal descri&ccedil;&atilde;o constar nas p&aacute;ginas iniciais do guia de prestadores, obrigatoriamente, antes do in&iacute;cio da lista de prestadores;</p>\n<p>II - uma legenda reduzida para os &iacute;cones, padronizada nos termos do item B do Cap&iacute;tulo I do Anexo desta IN , localizada a seguir da descri&ccedil;&atilde;o pormenorizada;</p>\n<p>III - os &iacute;cones dos atributos de qualifica&ccedil;&atilde;o, de acordo a padroniza&ccedil;&atilde;o constante do Cap&iacute;tulo III do Anexo desta IN, a serem inseridos logo abaixo do nome fantasia do estabelecimento, se houver, ou da raz&atilde;o social, ou do nome do profissional, caso se trate de pessoa natural, de acordo com a classifica&ccedil;&atilde;o do prestador, de maneira que o benefici&aacute;rio possa identificar claramente a rela&ccedil;&atilde;o do &iacute;cone com o prestador.</p>\n<p>&sect; 2&ordm; O material impresso de publicidade est&aacute; dispensado da legenda para os &iacute;cones (representa&ccedil;&atilde;o gr&aacute;fica) de cada atributo, mas deve conter o &iacute;cone do atributo de qualifica&ccedil;&atilde;o que o prestador identificado possua, obedecendo ao padr&atilde;o definido n cap&iacute;tulo III do Anexo desta IN.</p>\n<p>Art. 8&ordm; A publica&ccedil;&atilde;o das informa&ccedil;&otilde;es atualizadas sobre a qualifica&ccedil;&atilde;o dos prestadores de servi&ccedil;os contidas nos materiais impressos de divulga&ccedil;&atilde;o da rede assistencial das operadoras dever&aacute; ser feita, periodicamente, no m&aacute;ximo a cada 12 (doze) meses.</p>\n<p>&sect; 1&ordm; As operadoras dever&atilde;o incluir na atualiza&ccedil;&atilde;o as informa&ccedil;&otilde;es encaminhadas pelos prestadores de servi&ccedil;os com anteced&ecirc;ncia m&iacute;nima de 60 (sessenta) dias da publica&ccedil;&atilde;o.</p>\n<p>&sect; 2&ordm; As informa&ccedil;&otilde;es encaminhadas pelos prestadores durante os 60 (sessenta) dias anteriores a data de publica&ccedil;&atilde;o dever&atilde;o ser incluidas na atualiza&ccedil;&atilde;o da publica&ccedil;&atilde;o subsequente.</p>\n<p>&sect; 3&ordm; Dever&aacute; constar da publica&ccedil;&atilde;o a que alude o caput deste artigo as informa&ccedil;&otilde;es referentes &agrave; validade e &agrave; data da publica&ccedil;&atilde;o, estas informa&ccedil;&otilde;es devem ser colocadas de forma clara e bem vis&iacute;vel na capa principal do guia de prestadores e/ou similares..</p>\n<p>&sect; 4&ordm; O material impresso tipo guia de prestadores deve conter a observa&ccedil;&atilde;o, bem leg&iacute;vel para o usu&aacute;rio, de que informa&ccedil;&otilde;es mais atualizadas sobre a rede prestadora de sua operadora podem ser acessadas por meio do endere&ccedil;o eletr&ocirc;nico desta na Internet.</p>\n<h3>Se&ccedil;&atilde;o II<br />Da Divulga&ccedil;&atilde;o da Qualifica&ccedil;&atilde;o em Meio Eletr&ocirc;nico</h3>\n<p>Art. 9&ordm; Na divulga&ccedil;&atilde;o da qualifica&ccedil;&atilde;o dos prestadores de servi&ccedil;os em meio eletr&ocirc;nico, al&eacute;m da observ&acirc;ncia dos artigos 4&deg; e 5&ordm; desta IN, dever&atilde;o ser informados a data de atualiza&ccedil;&atilde;o dos dados cadastrais e o conte&uacute;do do inciso II do art. 2 &ordm; da RN n &ordm; 285, de 23 de dezembro de 2011, que disp&otilde;e sobre a obrigatoriedade de divulga&ccedil;&atilde;o das redes assistenciais das operadoras de planos privados de assit&ecirc;ncia &agrave; sa&uacute;de nos seus Portais Corporativos na Internet.</p>\n<p>Art. 10. As operadoras dever&atilde;o reservar um espa&ccedil;o em seu endere&ccedil;o eletr&ocirc;nico na Internet para conter a descri&ccedil;&atilde;o pormenorizada padronizada pela ANS dos atributos de qualifica&ccedil;&atilde;o, acompanhada do seu &iacute;cone (representa&ccedil;&atilde;o gr&aacute;fica) correspondente, de acordo com a<br />classifica&ccedil;&atilde;o definida no art. 4&ordm; e as descri&ccedil;&otilde;es constantes do cap&iacute;tulo I do Anexo desta IN.</p>\n<p>&sect; 1&ordm; Al&eacute;m das informa&ccedil;&otilde;es previstas no art. 9&ordm;, o endere&ccedil;o eletr&ocirc;nico das operadoras na Internet dever&aacute; conter as seguintes informa&ccedil;&otilde;es, padronizadas nos termos do Cap&iacute;tulo II do anexo desta IN:</p>\n<p>I - a descri&ccedil;&atilde;o pormenorizada dos atributos de qualifica&ccedil;&atilde;o de acordo com a padroniza&ccedil;&atilde;o constante do Cap&iacute;tulo I do anexo desta IN, na qual um &iacute;cone (representa&ccedil;&atilde;o gr&aacute;fica) corresponde a um atributo de qualifica&ccedil;&atilde;o;</p>\n<p>II - legenda reduzida para os &iacute;cones, padronizada pela ANS,<br />localizada ao final da p&aacute;gina da web.</p>\n<p>III - O &iacute;cone (representa&ccedil;&atilde;o gr&aacute;fica) correspondente ao atributo de qualifica&ccedil;&atilde;o deve ser colocado logo abaixo do nome fantasia do estabelecimento, se houver, ou da raz&atilde;o social, ou do nome do profissional, caso se trate de pessoa natural, de acordo com a classifica&ccedil;&atilde;o do prestador, de maneira que o benefici&aacute;rio possa identificar claramente a rela&ccedil;&atilde;o do &iacute;cone com o prestador.</p>\n<p>&sect; 2&deg; A divulga&ccedil;&atilde;o dos atributos de qualifica&ccedil;&atilde;o da rede de contrata&ccedil;&atilde;o indireta poder&aacute; ser feita por meio de hyperlink que leve ao endere&ccedil;o eletr&ocirc;nico da operadora na Internet, com a qual o prestador mant&eacute;m contrata&ccedil;&atilde;o direta.</p>\n<p>&sect; 3&deg; Os demais meios eletr&ocirc;nicos de divulga&ccedil;&atilde;o da rede assistencial estar&atilde;o dispensados da descri&ccedil;&atilde;o pormenorizada dos atributos de qualifica&ccedil;&atilde;o padronizada pela ANS, mas dever&atilde;o conter os &iacute;cones dos atributos de qualifica&ccedil;&atilde;o que o prestador identificado possua, obedecendo a padroniza&ccedil;&atilde;o definida no cap&iacute;tulo II do Anexo desta IN.</p>\n<p>Art. 11. A consulta da divulga&ccedil;&atilde;o da qualifica&ccedil;&atilde;o dos prestadores de servi&ccedil;os a partir do endere&ccedil;o eletr&ocirc;nico da operadora na Internet deve permitir, de forma combinada e/ou isolada, a pesquisa de todas as informa&ccedil;&otilde;es de qualifica&ccedil;&atilde;o dos prestadores de servi&ccedil;os definidos nesta IN.</p>\n<p>Art. 12. A atualiza&ccedil;&atilde;o das informa&ccedil;&otilde;es sobre a qualifica&ccedil;&atilde;o dos prestadores de servi&ccedil;os contidas nos meios eletr&ocirc;nicos de divulga&ccedil;&atilde;o da rede assistencial das operadoras dever&aacute; ser feita em at&eacute; 30 (trinta) dias, contados a partir do recebimento das informa&ccedil;&otilde;es do prestador, sem o preju&iacute;zo do disposto no &sect; 2&ordm; do artigo 2&ordm; da RN 285, de 2011.</p>\n<h2>CAP&Iacute;TULO III<br />DAS DISPOSI&Ccedil;&Otilde;ES FINAIS</h2>\n<p>Art. 13. &Eacute; de responsabilidade das operadoras conferir a exatid&atilde;o, a veracidade e a proced&ecirc;ncia das informa&ccedil;&otilde;es fornecidas por seus prestadores de servi&ccedil;os, antes da inclus&atilde;o ou exclus&atilde;o em seus materiais de divulga&ccedil;&atilde;o da qualifica&ccedil;&atilde;o da rede assistencial.</p>\n<p>Art. 14. As operadoras poder&atilde;o sofrer a&ccedil;&otilde;es fiscalizat&oacute;rias, por parte da ANS, sobre os dados referentes &agrave; qualifica&ccedil;&atilde;o dos prestadores<br />de servi&ccedil;os inclu&iacute;dos em seus materiais de divulga&ccedil;&atilde;o da rede assistencial e da forma de divulga&ccedil;&atilde;o da qualifica&ccedil;&atilde;o dos prestadores<br />de servi&ccedil;os.</p>\n<p>Art. 15. As operadoras que deixarem de incluir os atributos de qualifica&ccedil;&atilde;o dos prestadores de servi&ccedil;os em seus materiais de divulga&ccedil;&atilde;o da rede assistencial no prazo estabelecido, incorrer&atilde;o em infra&ccedil;&atilde;o tipificada pelo Art. 44-B da RN n &ordm; 124, de 30 de mar&ccedil;o de 2006.</p>\n<p>Art. 16. O prazo para a primeira divulga&ccedil;&atilde;o da qualifica&ccedil;&atilde;o dos prestadores de servi&ccedil;os pelas operadoras, de acordo com as regras estabelecidas, ser&aacute; de 12 (doze) meses, a contar da data de publica&ccedil;&atilde;o desta IN.</p>\n<p><strong>Par&aacute;grafo &uacute;nico</strong>. As operadoras com n&uacute;mero igual ou superior a 100.000 (cem mil) benefici&aacute;rios dever&atilde;o obrigatoriamente divulgar os atributos de qualifica&ccedil;&atilde;o por meio eletr&ocirc;nico no prazo de 180 (cento e oitenta) dias, a contar da data de publica&ccedil;&atilde;o desta IN, mantendo-se o prazo para divulga&ccedil;&atilde;o em material impresso conforme descrito no caput deste artigo.</p>\n<p>Art. 17. Os casos omissos dever&atilde;o ser submetidos &agrave; Diretoria de Desenvolvimento Setorial, que decidir&aacute; acerca dos procedimentos<br />a serem adotados.</p>\n<p>Art. 18. O anexo desta IN estar&aacute; dispon&iacute;vel para consulta e c&oacute;pia no endere&ccedil;o eletr&ocirc;nico da ANS na internet -&nbsp;<a href="http://www.ans.gov.br/">www.ans.gov.br</a>.</p>\n<p>Art. 19. Esta IN entra em vigor na data de sua publica&ccedil;&atilde;o.</p>\n<p class="assinatura">BRUNO SOBRAL DE CARVALHO</p>\n<p><span class="advertencia">Este texto n&atilde;o substitui o texto normativo original e nem o de suas altera&ccedil;&otilde;es, caso haja, publicados no Di&aacute;rio Oficial.</span></p>\n<hr />\n<p><span><strong><a href="http://www.ans.gov.br/images/stories/Legislacao/in/in52anexo.pdf" target="_self">ANEXO</a></strong></span></p>', 3, '2013-08-07 12:00:31', 'e', 1);
INSERT INTO `informativos` (`id`, `titulo`, `conteudo`, `tipo_informativo_id`, `data_cadastro`, `status`, `grupo_empresa_id`) VALUES
(155, 'Pagina legislação', '<h1>Busca de Legisla&ccedil;&atilde;o</h1>\n<div class="separador10px limparFlutuacoes">&nbsp;</div>\n<form action="http://www.ans.gov.br//index.php/legislacao/busca-de-legislacao" method="get">\n<div class="boxOutline3px"><fieldset class="flutuarEsquerda"><label>Tema</label><br /><select id="temaId" class="campoSelect" name="temaId">&nbsp; &nbsp; &nbsp;&nbsp; &nbsp;&nbsp; &nbsp;&nbsp; &nbsp;&nbsp; &nbsp;<option>Tema da Norma</option>&nbsp; &nbsp;&nbsp; &nbsp;&nbsp; &nbsp;&nbsp; &nbsp;&nbsp; &nbsp;&nbsp; &nbsp;&nbsp; &nbsp;&nbsp; &nbsp;&nbsp; &nbsp;&nbsp; &nbsp;&nbsp; &nbsp;<option value="56">&nbsp; &nbsp;&nbsp; &nbsp;&nbsp; &nbsp;&nbsp; &nbsp;&nbsp; &nbsp;&nbsp; &nbsp;&nbsp; &nbsp;Ag&ecirc;ncia Nacional de Sa&uacute;de Suplementar &nbsp; &nbsp;&nbsp; &nbsp;&nbsp; &nbsp;&nbsp; &nbsp;&nbsp; &nbsp;</option>&nbsp; &nbsp;&nbsp; &nbsp;&nbsp; &nbsp;&nbsp; &nbsp;&nbsp; &nbsp;&nbsp; &nbsp;&nbsp; &nbsp;&nbsp; &nbsp;&nbsp; &nbsp;&nbsp; &nbsp;&nbsp; &nbsp;<option value="57">&nbsp; &nbsp;&nbsp; &nbsp;&nbsp; &nbsp;&nbsp; &nbsp;&nbsp; &nbsp;&nbsp; &nbsp;&nbsp; &nbsp;Fiscaliza&ccedil;&atilde;o &nbsp; &nbsp;&nbsp; &nbsp;&nbsp; &nbsp;&nbsp; &nbsp;&nbsp; &nbsp;</option>&nbsp; &nbsp;&nbsp; &nbsp;&nbsp; &nbsp;&nbsp; &nbsp;&nbsp; &nbsp;&nbsp; &nbsp;&nbsp; &nbsp;&nbsp; &nbsp;&nbsp; &nbsp;&nbsp; &nbsp;&nbsp; &nbsp;<option value="66">&nbsp; &nbsp;&nbsp; &nbsp;&nbsp; &nbsp;&nbsp; &nbsp;&nbsp; &nbsp;&nbsp; &nbsp;&nbsp; &nbsp;Legisla&ccedil;&otilde;es &nbsp; &nbsp;&nbsp; &nbsp;&nbsp; &nbsp;&nbsp; &nbsp;&nbsp; &nbsp;</option>&nbsp; &nbsp;&nbsp; &nbsp;&nbsp; &nbsp;&nbsp; &nbsp;&nbsp; &nbsp;&nbsp; &nbsp;&nbsp; &nbsp;&nbsp; &nbsp;&nbsp; &nbsp;&nbsp; &nbsp;&nbsp; &nbsp;<option value="58">&nbsp; &nbsp;&nbsp; &nbsp;&nbsp; &nbsp;&nbsp; &nbsp;&nbsp; &nbsp;&nbsp; &nbsp;&nbsp; &nbsp;Operadoras - Aspecto Econ&ocirc;mico-financeiro &nbsp; &nbsp;&nbsp; &nbsp;&nbsp; &nbsp;&nbsp; &nbsp;&nbsp; &nbsp;</option>&nbsp; &nbsp;&nbsp; &nbsp;&nbsp; &nbsp;&nbsp; &nbsp;&nbsp; &nbsp;&nbsp; &nbsp;&nbsp; &nbsp;&nbsp; &nbsp;&nbsp; &nbsp;&nbsp; &nbsp;&nbsp; &nbsp;<option value="60">&nbsp; &nbsp;&nbsp; &nbsp;&nbsp; &nbsp;&nbsp; &nbsp;&nbsp; &nbsp;&nbsp; &nbsp;&nbsp; &nbsp;Operadoras - Manuten&ccedil;&atilde;o de Registros &nbsp; &nbsp;&nbsp; &nbsp;&nbsp; &nbsp;&nbsp; &nbsp;&nbsp; &nbsp;</option>&nbsp; &nbsp;&nbsp; &nbsp;&nbsp; &nbsp;&nbsp; &nbsp;&nbsp; &nbsp;&nbsp; &nbsp;&nbsp; &nbsp;&nbsp; &nbsp;&nbsp; &nbsp;&nbsp; &nbsp;&nbsp; &nbsp;<option value="61">&nbsp; &nbsp;&nbsp; &nbsp;&nbsp; &nbsp;&nbsp; &nbsp;&nbsp; &nbsp;&nbsp; &nbsp;&nbsp; &nbsp;Operadoras - Ressarcimento ao SUS &nbsp; &nbsp;&nbsp; &nbsp;&nbsp; &nbsp;&nbsp; &nbsp;&nbsp; &nbsp;</option>&nbsp; &nbsp;&nbsp; &nbsp;&nbsp; &nbsp;&nbsp; &nbsp;&nbsp; &nbsp;&nbsp; &nbsp;&nbsp; &nbsp;&nbsp; &nbsp;&nbsp; &nbsp;&nbsp; &nbsp;&nbsp; &nbsp;<option value="62">&nbsp; &nbsp;&nbsp; &nbsp;&nbsp; &nbsp;&nbsp; &nbsp;&nbsp; &nbsp;&nbsp; &nbsp;&nbsp; &nbsp;Operadoras - TISS &nbsp; &nbsp;&nbsp; &nbsp;&nbsp; &nbsp;&nbsp; &nbsp;&nbsp; &nbsp;</option>&nbsp; &nbsp;&nbsp; &nbsp;&nbsp; &nbsp;&nbsp; &nbsp;&nbsp; &nbsp;&nbsp; &nbsp;&nbsp; &nbsp;&nbsp; &nbsp;&nbsp; &nbsp;&nbsp; &nbsp;&nbsp; &nbsp;<option value="59">&nbsp; &nbsp;&nbsp; &nbsp;&nbsp; &nbsp;&nbsp; &nbsp;&nbsp; &nbsp;&nbsp; &nbsp;&nbsp; &nbsp;Operadoras- Compromissos e Intera&ccedil;&otilde;es com a ANS &nbsp; &nbsp;&nbsp; &nbsp;&nbsp; &nbsp;&nbsp; &nbsp;&nbsp; &nbsp;</option>&nbsp; &nbsp;&nbsp; &nbsp;&nbsp; &nbsp;&nbsp; &nbsp;&nbsp; &nbsp;&nbsp; &nbsp;&nbsp; &nbsp;&nbsp; &nbsp;&nbsp; &nbsp;&nbsp; &nbsp;&nbsp; &nbsp;<option value="63">&nbsp; &nbsp;&nbsp; &nbsp;&nbsp; &nbsp;&nbsp; &nbsp;&nbsp; &nbsp;&nbsp; &nbsp;&nbsp; &nbsp;Plano de sa&uacute;de - Cobertura &nbsp; &nbsp;&nbsp; &nbsp;&nbsp; &nbsp;&nbsp; &nbsp;&nbsp; &nbsp;</option>&nbsp; &nbsp;&nbsp; &nbsp;&nbsp; &nbsp;&nbsp; &nbsp;&nbsp; &nbsp;&nbsp; &nbsp;&nbsp; &nbsp;&nbsp; &nbsp;&nbsp; &nbsp;&nbsp; &nbsp;&nbsp; &nbsp;<option value="64">&nbsp; &nbsp;&nbsp; &nbsp;&nbsp; &nbsp;&nbsp; &nbsp;&nbsp; &nbsp;&nbsp; &nbsp;&nbsp; &nbsp;Plano de sa&uacute;de - Contrata&ccedil;&atilde;o e Troca de Plano &nbsp; &nbsp;&nbsp; &nbsp;&nbsp; &nbsp;&nbsp; &nbsp;&nbsp; &nbsp;</option>&nbsp; &nbsp;&nbsp; &nbsp;&nbsp; &nbsp;&nbsp; &nbsp;&nbsp; &nbsp;&nbsp; &nbsp;&nbsp; &nbsp;&nbsp; &nbsp;&nbsp; &nbsp;&nbsp; &nbsp;&nbsp; &nbsp;<option value="65">&nbsp; &nbsp;&nbsp; &nbsp;&nbsp; &nbsp;&nbsp; &nbsp;&nbsp; &nbsp;&nbsp; &nbsp;&nbsp; &nbsp;Plano de sa&uacute;de - Reajustes de Pre&ccedil;os &nbsp; &nbsp;&nbsp; &nbsp;&nbsp; &nbsp;&nbsp; &nbsp;&nbsp; &nbsp;</option>&nbsp; &nbsp; &nbsp;&nbsp; &nbsp;&nbsp; &nbsp;&nbsp; &nbsp;&nbsp; &nbsp;&nbsp; &nbsp;&nbsp; &nbsp;&nbsp; &nbsp;&nbsp; &nbsp;</select></fieldset>\n<div class="separador10px">&nbsp;</div>\n<fieldset class="bordaSeparadorVertical"><label>Origem</label><br /><select id="diretoriaId" class="campoSelect" name="diretoriaId">&nbsp; &nbsp; &nbsp;&nbsp; &nbsp;&nbsp; &nbsp;&nbsp; &nbsp;&nbsp; &nbsp;<option></option>&nbsp; &nbsp;&nbsp; &nbsp;&nbsp; &nbsp;&nbsp; &nbsp;&nbsp; &nbsp;&nbsp; &nbsp;&nbsp; &nbsp;&nbsp; &nbsp;&nbsp; &nbsp;&nbsp; &nbsp;&nbsp; &nbsp;<option value="13">&nbsp; &nbsp;&nbsp; &nbsp;&nbsp; &nbsp;&nbsp; &nbsp;&nbsp; &nbsp;&nbsp; &nbsp;&nbsp; &nbsp;AUDIT &nbsp; &nbsp;&nbsp; &nbsp;&nbsp; &nbsp;&nbsp; &nbsp;&nbsp; &nbsp;</option>&nbsp; &nbsp;&nbsp; &nbsp;&nbsp; &nbsp;&nbsp; &nbsp;&nbsp; &nbsp;&nbsp; &nbsp;&nbsp; &nbsp;&nbsp; &nbsp;&nbsp; &nbsp;&nbsp; &nbsp;&nbsp; &nbsp;<option value="9">&nbsp; &nbsp;&nbsp; &nbsp;&nbsp; &nbsp;&nbsp; &nbsp;&nbsp; &nbsp;&nbsp; &nbsp;&nbsp; &nbsp;CONSU &nbsp; &nbsp;&nbsp; &nbsp;&nbsp; &nbsp;&nbsp; &nbsp;&nbsp; &nbsp;</option>&nbsp; &nbsp;&nbsp; &nbsp;&nbsp; &nbsp;&nbsp; &nbsp;&nbsp; &nbsp;&nbsp; &nbsp;&nbsp; &nbsp;&nbsp; &nbsp;&nbsp; &nbsp;&nbsp; &nbsp;&nbsp; &nbsp;<option value="4">&nbsp; &nbsp;&nbsp; &nbsp;&nbsp; &nbsp;&nbsp; &nbsp;&nbsp; &nbsp;&nbsp; &nbsp;&nbsp; &nbsp;DIDES &nbsp; &nbsp;&nbsp; &nbsp;&nbsp; &nbsp;&nbsp; &nbsp;&nbsp; &nbsp;</option>&nbsp; &nbsp;&nbsp; &nbsp;&nbsp; &nbsp;&nbsp; &nbsp;&nbsp; &nbsp;&nbsp; &nbsp;&nbsp; &nbsp;&nbsp; &nbsp;&nbsp; &nbsp;&nbsp; &nbsp;&nbsp; &nbsp;<option value="8">&nbsp; &nbsp;&nbsp; &nbsp;&nbsp; &nbsp;&nbsp; &nbsp;&nbsp; &nbsp;&nbsp; &nbsp;&nbsp; &nbsp;DIFIS &nbsp; &nbsp;&nbsp; &nbsp;&nbsp; &nbsp;&nbsp; &nbsp;&nbsp; &nbsp;</option>&nbsp; &nbsp;&nbsp; &nbsp;&nbsp; &nbsp;&nbsp; &nbsp;&nbsp; &nbsp;&nbsp; &nbsp;&nbsp; &nbsp;&nbsp; &nbsp;&nbsp; &nbsp;&nbsp; &nbsp;&nbsp; &nbsp;<option value="5">&nbsp; &nbsp;&nbsp; &nbsp;&nbsp; &nbsp;&nbsp; &nbsp;&nbsp; &nbsp;&nbsp; &nbsp;&nbsp; &nbsp;DIGES &nbsp; &nbsp;&nbsp; &nbsp;&nbsp; &nbsp;&nbsp; &nbsp;&nbsp; &nbsp;</option>&nbsp; &nbsp;&nbsp; &nbsp;&nbsp; &nbsp;&nbsp; &nbsp;&nbsp; &nbsp;&nbsp; &nbsp;&nbsp; &nbsp;&nbsp; &nbsp;&nbsp; &nbsp;&nbsp; &nbsp;&nbsp; &nbsp;<option value="6">&nbsp; &nbsp;&nbsp; &nbsp;&nbsp; &nbsp;&nbsp; &nbsp;&nbsp; &nbsp;&nbsp; &nbsp;&nbsp; &nbsp;DIOPE &nbsp; &nbsp;&nbsp; &nbsp;&nbsp; &nbsp;&nbsp; &nbsp;&nbsp; &nbsp;</option>&nbsp; &nbsp;&nbsp; &nbsp;&nbsp; &nbsp;&nbsp; &nbsp;&nbsp; &nbsp;&nbsp; &nbsp;&nbsp; &nbsp;&nbsp; &nbsp;&nbsp; &nbsp;&nbsp; &nbsp;&nbsp; &nbsp;<option value="12">&nbsp; &nbsp;&nbsp; &nbsp;&nbsp; &nbsp;&nbsp; &nbsp;&nbsp; &nbsp;&nbsp; &nbsp;&nbsp; &nbsp;DIOPE e DIDES &nbsp; &nbsp;&nbsp; &nbsp;&nbsp; &nbsp;&nbsp; &nbsp;&nbsp; &nbsp;</option>&nbsp; &nbsp;&nbsp; &nbsp;&nbsp; &nbsp;&nbsp; &nbsp;&nbsp; &nbsp;&nbsp; &nbsp;&nbsp; &nbsp;&nbsp; &nbsp;&nbsp; &nbsp;&nbsp; &nbsp;&nbsp; &nbsp;<option value="11">&nbsp; &nbsp;&nbsp; &nbsp;&nbsp; &nbsp;&nbsp; &nbsp;&nbsp; &nbsp;&nbsp; &nbsp;&nbsp; &nbsp;DIOPE e DIPRO &nbsp; &nbsp;&nbsp; &nbsp;&nbsp; &nbsp;&nbsp; &nbsp;&nbsp; &nbsp;</option>&nbsp; &nbsp;&nbsp; &nbsp;&nbsp; &nbsp;&nbsp; &nbsp;&nbsp; &nbsp;&nbsp; &nbsp;&nbsp; &nbsp;&nbsp; &nbsp;&nbsp; &nbsp;&nbsp; &nbsp;&nbsp; &nbsp;<option value="7">&nbsp; &nbsp;&nbsp; &nbsp;&nbsp; &nbsp;&nbsp; &nbsp;&nbsp; &nbsp;&nbsp; &nbsp;&nbsp; &nbsp;DIPRO &nbsp; &nbsp;&nbsp; &nbsp;&nbsp; &nbsp;&nbsp; &nbsp;&nbsp; &nbsp;</option>&nbsp; &nbsp;&nbsp; &nbsp;&nbsp; &nbsp;&nbsp; &nbsp;&nbsp; &nbsp;&nbsp; &nbsp;&nbsp; &nbsp;&nbsp; &nbsp;&nbsp; &nbsp;&nbsp; &nbsp;&nbsp; &nbsp;<option value="3">&nbsp; &nbsp;&nbsp; &nbsp;&nbsp; &nbsp;&nbsp; &nbsp;&nbsp; &nbsp;&nbsp; &nbsp;&nbsp; &nbsp;Diretor Presidente &nbsp; &nbsp;&nbsp; &nbsp;&nbsp; &nbsp;&nbsp; &nbsp;&nbsp; &nbsp;</option>&nbsp; &nbsp;&nbsp; &nbsp;&nbsp; &nbsp;&nbsp; &nbsp;&nbsp; &nbsp;&nbsp; &nbsp;&nbsp; &nbsp;&nbsp; &nbsp;&nbsp; &nbsp;&nbsp; &nbsp;&nbsp; &nbsp;<option value="2">&nbsp; &nbsp;&nbsp; &nbsp;&nbsp; &nbsp;&nbsp; &nbsp;&nbsp; &nbsp;&nbsp; &nbsp;&nbsp; &nbsp;Diretoria Colegiada &nbsp; &nbsp;&nbsp; &nbsp;&nbsp; &nbsp;&nbsp; &nbsp;&nbsp; &nbsp;</option>&nbsp; &nbsp;&nbsp; &nbsp;&nbsp; &nbsp;&nbsp; &nbsp;&nbsp; &nbsp;&nbsp; &nbsp;&nbsp; &nbsp;&nbsp; &nbsp;&nbsp; &nbsp;&nbsp; &nbsp;&nbsp; &nbsp;<option value="1">&nbsp; &nbsp;&nbsp; &nbsp;&nbsp; &nbsp;&nbsp; &nbsp;&nbsp; &nbsp;&nbsp; &nbsp;&nbsp; &nbsp;Externo &agrave; ANS &nbsp; &nbsp;&nbsp; &nbsp;&nbsp; &nbsp;&nbsp; &nbsp;&nbsp; &nbsp;</option>&nbsp; &nbsp;&nbsp; &nbsp;&nbsp; &nbsp;&nbsp; &nbsp;&nbsp; &nbsp;&nbsp; &nbsp;&nbsp; &nbsp;&nbsp; &nbsp;&nbsp; &nbsp;&nbsp; &nbsp;&nbsp; &nbsp;<option value="10">&nbsp; &nbsp;&nbsp; &nbsp;&nbsp; &nbsp;&nbsp; &nbsp;&nbsp; &nbsp;&nbsp; &nbsp;&nbsp; &nbsp;GM &nbsp; &nbsp;&nbsp; &nbsp;&nbsp; &nbsp;&nbsp; &nbsp;&nbsp; &nbsp;</option>&nbsp; &nbsp;&nbsp; &nbsp;&nbsp; &nbsp;&nbsp; &nbsp;&nbsp; &nbsp;&nbsp; &nbsp;&nbsp; &nbsp;&nbsp; &nbsp;&nbsp; &nbsp;&nbsp; &nbsp;&nbsp; &nbsp;<option value="16">&nbsp; &nbsp;&nbsp; &nbsp;&nbsp; &nbsp;&nbsp; &nbsp;&nbsp; &nbsp;&nbsp; &nbsp;&nbsp; &nbsp;OUVID &nbsp; &nbsp;&nbsp; &nbsp;&nbsp; &nbsp;&nbsp; &nbsp;&nbsp; &nbsp;</option>&nbsp; &nbsp;&nbsp; &nbsp;&nbsp; &nbsp;&nbsp; &nbsp;&nbsp; &nbsp;&nbsp; &nbsp;&nbsp; &nbsp;&nbsp; &nbsp;&nbsp; &nbsp;&nbsp; &nbsp;&nbsp; &nbsp;<option value="15">&nbsp; &nbsp;&nbsp; &nbsp;&nbsp; &nbsp;&nbsp; &nbsp;&nbsp; &nbsp;&nbsp; &nbsp;&nbsp; &nbsp;PPCOR &nbsp; &nbsp;&nbsp; &nbsp;&nbsp; &nbsp;&nbsp; &nbsp;&nbsp; &nbsp;</option>&nbsp; &nbsp;&nbsp; &nbsp;&nbsp; &nbsp;&nbsp; &nbsp;&nbsp; &nbsp;&nbsp; &nbsp;&nbsp; &nbsp;&nbsp; &nbsp;&nbsp; &nbsp;&nbsp; &nbsp;&nbsp; &nbsp;<option value="17">&nbsp; &nbsp;&nbsp; &nbsp;&nbsp; &nbsp;&nbsp; &nbsp;&nbsp; &nbsp;&nbsp; &nbsp;&nbsp; &nbsp;PRESI &nbsp; &nbsp;&nbsp; &nbsp;&nbsp; &nbsp;&nbsp; &nbsp;&nbsp; &nbsp;</option>&nbsp; &nbsp;&nbsp; &nbsp;&nbsp; &nbsp;&nbsp; &nbsp;&nbsp; &nbsp;&nbsp; &nbsp;&nbsp; &nbsp;&nbsp; &nbsp;&nbsp; &nbsp;&nbsp; &nbsp;&nbsp; &nbsp;<option value="14">&nbsp; &nbsp;&nbsp; &nbsp;&nbsp; &nbsp;&nbsp; &nbsp;&nbsp; &nbsp;&nbsp; &nbsp;&nbsp; &nbsp;PROGE &nbsp; &nbsp;&nbsp; &nbsp;&nbsp; &nbsp;&nbsp; &nbsp;&nbsp; &nbsp;</option>&nbsp; &nbsp; &nbsp;&nbsp; &nbsp;&nbsp; &nbsp;&nbsp; &nbsp;&nbsp; &nbsp;&nbsp; &nbsp;&nbsp; &nbsp;&nbsp; &nbsp;&nbsp; &nbsp;</select></fieldset><fieldset class="flutuarEsquerda"><label>Ordem de exibi&ccedil;&atilde;o</label><br /><select id="relevancia" class="campoSelect" name="relevancia">&nbsp; &nbsp; &nbsp;&nbsp; &nbsp;&nbsp; &nbsp;&nbsp; &nbsp;&nbsp; &nbsp;<option selected="selected" value="Relev&acirc;ncia">Relev&acirc;ncia</option>&nbsp; &nbsp; &nbsp;&nbsp; &nbsp;&nbsp; &nbsp;&nbsp; &nbsp;&nbsp; &nbsp;<option value="Data Crescente">Data Crescente</option>&nbsp; &nbsp; &nbsp;&nbsp; &nbsp;&nbsp; &nbsp;&nbsp; &nbsp;&nbsp; &nbsp;<option value="Data Decrescente">Data Decrescente</option>&nbsp;&nbsp; &nbsp;&nbsp; &nbsp;&nbsp; &nbsp;&nbsp; &nbsp;</select></fieldset>\n<div class="limparFlutuacoes">&nbsp;</div>\n<fieldset class="flutuarEsquerda"><label>Assunto</label><br /><select id="assuntoId" class="campoSelect" name="assuntoId">&nbsp; &nbsp; &nbsp;&nbsp; &nbsp;&nbsp; &nbsp;&nbsp; &nbsp;&nbsp; &nbsp;<option>Assunto da Norma</option>&nbsp; &nbsp;&nbsp; &nbsp;&nbsp; &nbsp;&nbsp; &nbsp;&nbsp; &nbsp;&nbsp; &nbsp;&nbsp; &nbsp;&nbsp; &nbsp;&nbsp; &nbsp;&nbsp; &nbsp;&nbsp; &nbsp;<option value="22">&nbsp; &nbsp;&nbsp; &nbsp;&nbsp; &nbsp;&nbsp; &nbsp;&nbsp; &nbsp;&nbsp; &nbsp;&nbsp; &nbsp;Adapta&ccedil;&atilde;o &agrave; Lei n&ordm; 9.656/98 e/ou Migra&ccedil;&atilde;o de Contratos &nbsp; &nbsp;&nbsp; &nbsp;&nbsp; &nbsp;&nbsp; &nbsp;&nbsp; &nbsp;</option>&nbsp; &nbsp;&nbsp; &nbsp;&nbsp; &nbsp;&nbsp; &nbsp;&nbsp; &nbsp;&nbsp; &nbsp;&nbsp; &nbsp;&nbsp; &nbsp;&nbsp; &nbsp;&nbsp; &nbsp;&nbsp; &nbsp;<option value="8">&nbsp; &nbsp;&nbsp; &nbsp;&nbsp; &nbsp;&nbsp; &nbsp;&nbsp; &nbsp;&nbsp; &nbsp;&nbsp; &nbsp;Aliena&ccedil;&atilde;o de Carteira &nbsp; &nbsp;&nbsp; &nbsp;&nbsp; &nbsp;&nbsp; &nbsp;&nbsp; &nbsp;</option>&nbsp; &nbsp;&nbsp; &nbsp;&nbsp; &nbsp;&nbsp; &nbsp;&nbsp; &nbsp;&nbsp; &nbsp;&nbsp; &nbsp;&nbsp; &nbsp;&nbsp; &nbsp;&nbsp; &nbsp;&nbsp; &nbsp;<option value="15">&nbsp; &nbsp;&nbsp; &nbsp;&nbsp; &nbsp;&nbsp; &nbsp;&nbsp; &nbsp;&nbsp; &nbsp;&nbsp; &nbsp;Altera&ccedil;&atilde;o ou Transfer&ecirc;ncia do Controle Societ&aacute;rio &nbsp; &nbsp;&nbsp; &nbsp;&nbsp; &nbsp;&nbsp; &nbsp;&nbsp; &nbsp;</option>&nbsp; &nbsp;&nbsp; &nbsp;&nbsp; &nbsp;&nbsp; &nbsp;&nbsp; &nbsp;&nbsp; &nbsp;&nbsp; &nbsp;&nbsp; &nbsp;&nbsp; &nbsp;&nbsp; &nbsp;&nbsp; &nbsp;<option value="52">&nbsp; &nbsp;&nbsp; &nbsp;&nbsp; &nbsp;&nbsp; &nbsp;&nbsp; &nbsp;&nbsp; &nbsp;&nbsp; &nbsp;Aposentados e Demitidos &nbsp; &nbsp;&nbsp; &nbsp;&nbsp; &nbsp;&nbsp; &nbsp;&nbsp; &nbsp;</option>&nbsp; &nbsp;&nbsp; &nbsp;&nbsp; &nbsp;&nbsp; &nbsp;&nbsp; &nbsp;&nbsp; &nbsp;&nbsp; &nbsp;&nbsp; &nbsp;&nbsp; &nbsp;&nbsp; &nbsp;&nbsp; &nbsp;<option value="1">&nbsp; &nbsp;&nbsp; &nbsp;&nbsp; &nbsp;&nbsp; &nbsp;&nbsp; &nbsp;&nbsp; &nbsp;&nbsp; &nbsp;Ativos Garantidores &nbsp; &nbsp;&nbsp; &nbsp;&nbsp; &nbsp;&nbsp; &nbsp;&nbsp; &nbsp;</option>&nbsp; &nbsp;&nbsp; &nbsp;&nbsp; &nbsp;&nbsp; &nbsp;&nbsp; &nbsp;&nbsp; &nbsp;&nbsp; &nbsp;&nbsp; &nbsp;&nbsp; &nbsp;&nbsp; &nbsp;&nbsp; &nbsp;<option value="9">&nbsp; &nbsp;&nbsp; &nbsp;&nbsp; &nbsp;&nbsp; &nbsp;&nbsp; &nbsp;&nbsp; &nbsp;&nbsp; &nbsp;Autoriza&ccedil;&atilde;o de Funcionamento, Registros, Comercializa&ccedil;&atilde;o &nbsp; &nbsp;&nbsp; &nbsp;&nbsp; &nbsp;&nbsp; &nbsp;&nbsp; &nbsp;</option>&nbsp; &nbsp;&nbsp; &nbsp;&nbsp; &nbsp;&nbsp; &nbsp;&nbsp; &nbsp;&nbsp; &nbsp;&nbsp; &nbsp;&nbsp; &nbsp;&nbsp; &nbsp;&nbsp; &nbsp;&nbsp; &nbsp;<option value="31">&nbsp; &nbsp;&nbsp; &nbsp;&nbsp; &nbsp;&nbsp; &nbsp;&nbsp; &nbsp;&nbsp; &nbsp;&nbsp; &nbsp;Centros Colaboradores &nbsp; &nbsp;&nbsp; &nbsp;&nbsp; &nbsp;&nbsp; &nbsp;&nbsp; &nbsp;</option>&nbsp; &nbsp;&nbsp; &nbsp;&nbsp; &nbsp;&nbsp; &nbsp;&nbsp; &nbsp;&nbsp; &nbsp;&nbsp; &nbsp;&nbsp; &nbsp;&nbsp; &nbsp;&nbsp; &nbsp;&nbsp; &nbsp;<option value="16">&nbsp; &nbsp;&nbsp; &nbsp;&nbsp; &nbsp;&nbsp; &nbsp;&nbsp; &nbsp;&nbsp; &nbsp;&nbsp; &nbsp;Cobertura Assistencial - Rol de Procedimentos &nbsp; &nbsp;&nbsp; &nbsp;&nbsp; &nbsp;&nbsp; &nbsp;&nbsp; &nbsp;</option>&nbsp; &nbsp;&nbsp; &nbsp;&nbsp; &nbsp;&nbsp; &nbsp;&nbsp; &nbsp;&nbsp; &nbsp;&nbsp; &nbsp;&nbsp; &nbsp;&nbsp; &nbsp;&nbsp; &nbsp;&nbsp; &nbsp;<option value="30">&nbsp; &nbsp;&nbsp; &nbsp;&nbsp; &nbsp;&nbsp; &nbsp;&nbsp; &nbsp;&nbsp; &nbsp;&nbsp; &nbsp;Comit&ecirc;s Internos &nbsp; &nbsp;&nbsp; &nbsp;&nbsp; &nbsp;&nbsp; &nbsp;&nbsp; &nbsp;</option>&nbsp; &nbsp;&nbsp; &nbsp;&nbsp; &nbsp;&nbsp; &nbsp;&nbsp; &nbsp;&nbsp; &nbsp;&nbsp; &nbsp;&nbsp; &nbsp;&nbsp; &nbsp;&nbsp; &nbsp;&nbsp; &nbsp;<option value="10">&nbsp; &nbsp;&nbsp; &nbsp;&nbsp; &nbsp;&nbsp; &nbsp;&nbsp; &nbsp;&nbsp; &nbsp;&nbsp; &nbsp;Contratos da Operadora com a Rede Prestadora &nbsp; &nbsp;&nbsp; &nbsp;&nbsp; &nbsp;&nbsp; &nbsp;&nbsp; &nbsp;</option>&nbsp; &nbsp;&nbsp; &nbsp;&nbsp; &nbsp;&nbsp; &nbsp;&nbsp; &nbsp;&nbsp; &nbsp;&nbsp; &nbsp;&nbsp; &nbsp;&nbsp; &nbsp;&nbsp; &nbsp;&nbsp; &nbsp;<option value="11">&nbsp; &nbsp;&nbsp; &nbsp;&nbsp; &nbsp;&nbsp; &nbsp;&nbsp; &nbsp;&nbsp; &nbsp;&nbsp; &nbsp;Designa&ccedil;&atilde;o de Profissionais &nbsp; &nbsp;&nbsp; &nbsp;&nbsp; &nbsp;&nbsp; &nbsp;&nbsp; &nbsp;</option>&nbsp; &nbsp;&nbsp; &nbsp;&nbsp; &nbsp;&nbsp; &nbsp;&nbsp; &nbsp;&nbsp; &nbsp;&nbsp; &nbsp;&nbsp; &nbsp;&nbsp; &nbsp;&nbsp; &nbsp;&nbsp; &nbsp;<option value="17">&nbsp; &nbsp;&nbsp; &nbsp;&nbsp; &nbsp;&nbsp; &nbsp;&nbsp; &nbsp;&nbsp; &nbsp;&nbsp; &nbsp;Doen&ccedil;a e Les&atilde;o Preexistente &nbsp; &nbsp;&nbsp; &nbsp;&nbsp; &nbsp;&nbsp; &nbsp;&nbsp; &nbsp;</option>&nbsp; &nbsp;&nbsp; &nbsp;&nbsp; &nbsp;&nbsp; &nbsp;&nbsp; &nbsp;&nbsp; &nbsp;&nbsp; &nbsp;&nbsp; &nbsp;&nbsp; &nbsp;&nbsp; &nbsp;&nbsp; &nbsp;<option value="5">&nbsp; &nbsp;&nbsp; &nbsp;&nbsp; &nbsp;&nbsp; &nbsp;&nbsp; &nbsp;&nbsp; &nbsp;&nbsp; &nbsp;Envio de Informa&ccedil;&otilde;es via Sistemas &nbsp; &nbsp;&nbsp; &nbsp;&nbsp; &nbsp;&nbsp; &nbsp;&nbsp; &nbsp;</option>&nbsp; &nbsp;&nbsp; &nbsp;&nbsp; &nbsp;&nbsp; &nbsp;&nbsp; &nbsp;&nbsp; &nbsp;&nbsp; &nbsp;&nbsp; &nbsp;&nbsp; &nbsp;&nbsp; &nbsp;&nbsp; &nbsp;<option value="18">&nbsp; &nbsp;&nbsp; &nbsp;&nbsp; &nbsp;&nbsp; &nbsp;&nbsp; &nbsp;&nbsp; &nbsp;&nbsp; &nbsp;Exig&ecirc;ncia de Cau&ccedil;&atilde;o &nbsp; &nbsp;&nbsp; &nbsp;&nbsp; &nbsp;&nbsp; &nbsp;&nbsp; &nbsp;</option>&nbsp; &nbsp;&nbsp; &nbsp;&nbsp; &nbsp;&nbsp; &nbsp;&nbsp; &nbsp;&nbsp; &nbsp;&nbsp; &nbsp;&nbsp; &nbsp;&nbsp; &nbsp;&nbsp; &nbsp;&nbsp; &nbsp;<option value="23">&nbsp; &nbsp;&nbsp; &nbsp;&nbsp; &nbsp;&nbsp; &nbsp;&nbsp; &nbsp;&nbsp; &nbsp;&nbsp; &nbsp;Formas de Contrata&ccedil;&atilde;o ou de Manuten&ccedil;&atilde;o da Condi&ccedil;&atilde;o de Benefici&aacute;rio &nbsp; &nbsp;&nbsp; &nbsp;&nbsp; &nbsp;&nbsp; &nbsp;&nbsp; &nbsp;</option>&nbsp; &nbsp;&nbsp; &nbsp;&nbsp; &nbsp;&nbsp; &nbsp;&nbsp; &nbsp;&nbsp; &nbsp;&nbsp; &nbsp;&nbsp; &nbsp;&nbsp; &nbsp;&nbsp; &nbsp;&nbsp; &nbsp;<option value="2">&nbsp; &nbsp;&nbsp; &nbsp;&nbsp; &nbsp;&nbsp; &nbsp;&nbsp; &nbsp;&nbsp; &nbsp;&nbsp; &nbsp;Fundo Garantidor &nbsp; &nbsp;&nbsp; &nbsp;&nbsp; &nbsp;&nbsp; &nbsp;&nbsp; &nbsp;</option>&nbsp; &nbsp;&nbsp; &nbsp;&nbsp; &nbsp;&nbsp; &nbsp;&nbsp; &nbsp;&nbsp; &nbsp;&nbsp; &nbsp;&nbsp; &nbsp;&nbsp; &nbsp;&nbsp; &nbsp;&nbsp; &nbsp;<option value="19">&nbsp; &nbsp;&nbsp; &nbsp;&nbsp; &nbsp;&nbsp; &nbsp;&nbsp; &nbsp;&nbsp; &nbsp;&nbsp; &nbsp;Garantia de Acesso Assistencial (Prazos e Rede) &nbsp; &nbsp;&nbsp; &nbsp;&nbsp; &nbsp;&nbsp; &nbsp;&nbsp; &nbsp;</option>&nbsp; &nbsp;&nbsp; &nbsp;&nbsp; &nbsp;&nbsp; &nbsp;&nbsp; &nbsp;&nbsp; &nbsp;&nbsp; &nbsp;&nbsp; &nbsp;&nbsp; &nbsp;&nbsp; &nbsp;&nbsp; &nbsp;<option value="3">&nbsp; &nbsp;&nbsp; &nbsp;&nbsp; &nbsp;&nbsp; &nbsp;&nbsp; &nbsp;&nbsp; &nbsp;&nbsp; &nbsp;Garantias Financeiras - Margem de Solv&ecirc;ncia e Provis&otilde;es T&eacute;cnicas &nbsp; &nbsp;&nbsp; &nbsp;&nbsp; &nbsp;&nbsp; &nbsp;&nbsp; &nbsp;</option>&nbsp; &nbsp;&nbsp; &nbsp;&nbsp; &nbsp;&nbsp; &nbsp;&nbsp; &nbsp;&nbsp; &nbsp;&nbsp; &nbsp;&nbsp; &nbsp;&nbsp; &nbsp;&nbsp; &nbsp;&nbsp; &nbsp;<option value="54">&nbsp; &nbsp;&nbsp; &nbsp;&nbsp; &nbsp;&nbsp; &nbsp;&nbsp; &nbsp;&nbsp; &nbsp;&nbsp; &nbsp;Georreferenciamento &nbsp; &nbsp;&nbsp; &nbsp;&nbsp; &nbsp;&nbsp; &nbsp;&nbsp; &nbsp;</option>&nbsp; &nbsp;&nbsp; &nbsp;&nbsp; &nbsp;&nbsp; &nbsp;&nbsp; &nbsp;&nbsp; &nbsp;&nbsp; &nbsp;&nbsp; &nbsp;&nbsp; &nbsp;&nbsp; &nbsp;&nbsp; &nbsp;<option value="12">&nbsp; &nbsp;&nbsp; &nbsp;&nbsp; &nbsp;&nbsp; &nbsp;&nbsp; &nbsp;&nbsp; &nbsp;&nbsp; &nbsp;Ind&iacute;cios de Crimes de Lavagem ou Oculta&ccedil;&atilde;o de Bens, Direitos e Valores &nbsp; &nbsp;&nbsp; &nbsp;&nbsp; &nbsp;&nbsp; &nbsp;&nbsp; &nbsp;</option>&nbsp; &nbsp;&nbsp; &nbsp;&nbsp; &nbsp;&nbsp; &nbsp;&nbsp; &nbsp;&nbsp; &nbsp;&nbsp; &nbsp;&nbsp; &nbsp;&nbsp; &nbsp;&nbsp; &nbsp;&nbsp; &nbsp;<option value="26">&nbsp; &nbsp;&nbsp; &nbsp;&nbsp; &nbsp;&nbsp; &nbsp;&nbsp; &nbsp;&nbsp; &nbsp;&nbsp; &nbsp;Legisla&ccedil;&atilde;o Estruturante da Sa&uacute;de Suplementar &nbsp; &nbsp;&nbsp; &nbsp;&nbsp; &nbsp;&nbsp; &nbsp;&nbsp; &nbsp;</option>&nbsp; &nbsp;&nbsp; &nbsp;&nbsp; &nbsp;&nbsp; &nbsp;&nbsp; &nbsp;&nbsp; &nbsp;&nbsp; &nbsp;&nbsp; &nbsp;&nbsp; &nbsp;&nbsp; &nbsp;&nbsp; &nbsp;<option value="47">&nbsp; &nbsp;&nbsp; &nbsp;&nbsp; &nbsp;&nbsp; &nbsp;&nbsp; &nbsp;&nbsp; &nbsp;&nbsp; &nbsp;Legisla&ccedil;&atilde;o Relacionada a Agentes P&uacute;blicos &nbsp; &nbsp;&nbsp; &nbsp;&nbsp; &nbsp;&nbsp; &nbsp;&nbsp; &nbsp;</option>&nbsp; &nbsp;&nbsp; &nbsp;&nbsp; &nbsp;&nbsp; &nbsp;&nbsp; &nbsp;&nbsp; &nbsp;&nbsp; &nbsp;&nbsp; &nbsp;&nbsp; &nbsp;&nbsp; &nbsp;&nbsp; &nbsp;<option value="27">&nbsp; &nbsp;&nbsp; &nbsp;&nbsp; &nbsp;&nbsp; &nbsp;&nbsp; &nbsp;&nbsp; &nbsp;&nbsp; &nbsp;Legisla&ccedil;&atilde;o Subsidi&aacute;ria &agrave; Sa&uacute;de Suplementar &nbsp; &nbsp;&nbsp; &nbsp;&nbsp; &nbsp;&nbsp; &nbsp;&nbsp; &nbsp;</option>&nbsp; &nbsp;&nbsp; &nbsp;&nbsp; &nbsp;&nbsp; &nbsp;&nbsp; &nbsp;&nbsp; &nbsp;&nbsp; &nbsp;&nbsp; &nbsp;&nbsp; &nbsp;&nbsp; &nbsp;&nbsp; &nbsp;<option value="41">&nbsp; &nbsp;&nbsp; &nbsp;&nbsp; &nbsp;&nbsp; &nbsp;&nbsp; &nbsp;&nbsp; &nbsp;&nbsp; &nbsp;Limites de Varia&ccedil;&atilde;o de Pre&ccedil;o por Faixa Et&aacute;ria &nbsp; &nbsp;&nbsp; &nbsp;&nbsp; &nbsp;&nbsp; &nbsp;&nbsp; &nbsp;</option>&nbsp; &nbsp;&nbsp; &nbsp;&nbsp; &nbsp;&nbsp; &nbsp;&nbsp; &nbsp;&nbsp; &nbsp;&nbsp; &nbsp;&nbsp; &nbsp;&nbsp; &nbsp;&nbsp; &nbsp;&nbsp; &nbsp;<option value="24">&nbsp; &nbsp;&nbsp; &nbsp;&nbsp; &nbsp;&nbsp; &nbsp;&nbsp; &nbsp;&nbsp; &nbsp;&nbsp; &nbsp;Mecanismos de Regula&ccedil;&atilde;o do Uso do Plano &nbsp; &nbsp;&nbsp; &nbsp;&nbsp; &nbsp;&nbsp; &nbsp;&nbsp; &nbsp;</option>&nbsp; &nbsp;&nbsp; &nbsp;&nbsp; &nbsp;&nbsp; &nbsp;&nbsp; &nbsp;&nbsp; &nbsp;&nbsp; &nbsp;&nbsp; &nbsp;&nbsp; &nbsp;&nbsp; &nbsp;&nbsp; &nbsp;<option value="13">&nbsp; &nbsp;&nbsp; &nbsp;&nbsp; &nbsp;&nbsp; &nbsp;&nbsp; &nbsp;&nbsp; &nbsp;&nbsp; &nbsp;Modalidades de Opera&ccedil;&atilde;o no Mercado de Sa&uacute;de Suplementar &nbsp; &nbsp;&nbsp; &nbsp;&nbsp; &nbsp;&nbsp; &nbsp;&nbsp; &nbsp;</option>&nbsp; &nbsp;&nbsp; &nbsp;&nbsp; &nbsp;&nbsp; &nbsp;&nbsp; &nbsp;&nbsp; &nbsp;&nbsp; &nbsp;&nbsp; &nbsp;&nbsp; &nbsp;&nbsp; &nbsp;&nbsp; &nbsp;<option value="39">&nbsp; &nbsp;&nbsp; &nbsp;&nbsp; &nbsp;&nbsp; &nbsp;&nbsp; &nbsp;&nbsp; &nbsp;&nbsp; &nbsp;Notifica&ccedil;&atilde;o de Investiga&ccedil;&atilde;o Preliminar - NIP &nbsp; &nbsp;&nbsp; &nbsp;&nbsp; &nbsp;&nbsp; &nbsp;&nbsp; &nbsp;</option>&nbsp; &nbsp;&nbsp; &nbsp;&nbsp; &nbsp;&nbsp; &nbsp;&nbsp; &nbsp;&nbsp; &nbsp;&nbsp; &nbsp;&nbsp; &nbsp;&nbsp; &nbsp;&nbsp; &nbsp;&nbsp; &nbsp;<option value="33">&nbsp; &nbsp;&nbsp; &nbsp;&nbsp; &nbsp;&nbsp; &nbsp;&nbsp; &nbsp;&nbsp; &nbsp;&nbsp; &nbsp;Observat&oacute;rio da Sa&uacute;de Suplementar &nbsp; &nbsp;&nbsp; &nbsp;&nbsp; &nbsp;&nbsp; &nbsp;&nbsp; &nbsp;</option>&nbsp; &nbsp;&nbsp; &nbsp;&nbsp; &nbsp;&nbsp; &nbsp;&nbsp; &nbsp;&nbsp; &nbsp;&nbsp; &nbsp;&nbsp; &nbsp;&nbsp; &nbsp;&nbsp; &nbsp;&nbsp; &nbsp;<option value="55">&nbsp; &nbsp;&nbsp; &nbsp;&nbsp; &nbsp;&nbsp; &nbsp;&nbsp; &nbsp;&nbsp; &nbsp;&nbsp; &nbsp;Oferta de Medica&ccedil;&atilde;o de Uso Domiciliar &nbsp; &nbsp;&nbsp; &nbsp;&nbsp; &nbsp;&nbsp; &nbsp;&nbsp; &nbsp;</option>&nbsp; &nbsp;&nbsp; &nbsp;&nbsp; &nbsp;&nbsp; &nbsp;&nbsp; &nbsp;&nbsp; &nbsp;&nbsp; &nbsp;&nbsp; &nbsp;&nbsp; &nbsp;&nbsp; &nbsp;&nbsp; &nbsp;<option value="40">&nbsp; &nbsp;&nbsp; &nbsp;&nbsp; &nbsp;&nbsp; &nbsp;&nbsp; &nbsp;&nbsp; &nbsp;&nbsp; &nbsp;Padr&atilde;o Obrigat&oacute;rio para Troca de Informa&ccedil;&otilde;es &nbsp; &nbsp;&nbsp; &nbsp;&nbsp; &nbsp;&nbsp; &nbsp;&nbsp; &nbsp;</option>&nbsp; &nbsp;&nbsp; &nbsp;&nbsp; &nbsp;&nbsp; &nbsp;&nbsp; &nbsp;&nbsp; &nbsp;&nbsp; &nbsp;&nbsp; &nbsp;&nbsp; &nbsp;&nbsp; &nbsp;&nbsp; &nbsp;<option value="6">&nbsp; &nbsp;&nbsp; &nbsp;&nbsp; &nbsp;&nbsp; &nbsp;&nbsp; &nbsp;&nbsp; &nbsp;&nbsp; &nbsp;Pagamentos e Parcelamentos de D&eacute;bitos &nbsp; &nbsp;&nbsp; &nbsp;&nbsp; &nbsp;&nbsp; &nbsp;&nbsp; &nbsp;</option>&nbsp; &nbsp;&nbsp; &nbsp;&nbsp; &nbsp;&nbsp; &nbsp;&nbsp; &nbsp;&nbsp; &nbsp;&nbsp; &nbsp;&nbsp; &nbsp;&nbsp; &nbsp;&nbsp; &nbsp;&nbsp; &nbsp;<option value="32">&nbsp; &nbsp;&nbsp; &nbsp;&nbsp; &nbsp;&nbsp; &nbsp;&nbsp; &nbsp;&nbsp; &nbsp;&nbsp; &nbsp;Participa&ccedil;&atilde;o da Sociedade Civil &nbsp; &nbsp;&nbsp; &nbsp;&nbsp; &nbsp;&nbsp; &nbsp;&nbsp; &nbsp;</option>&nbsp; &nbsp;&nbsp; &nbsp;&nbsp; &nbsp;&nbsp; &nbsp;&nbsp; &nbsp;&nbsp; &nbsp;&nbsp; &nbsp;&nbsp; &nbsp;&nbsp; &nbsp;&nbsp; &nbsp;&nbsp; &nbsp;<option value="4">&nbsp; &nbsp;&nbsp; &nbsp;&nbsp; &nbsp;&nbsp; &nbsp;&nbsp; &nbsp;&nbsp; &nbsp;&nbsp; &nbsp;Plano de Contas &nbsp; &nbsp;&nbsp; &nbsp;&nbsp; &nbsp;&nbsp; &nbsp;&nbsp; &nbsp;</option>&nbsp; &nbsp;&nbsp; &nbsp;&nbsp; &nbsp;&nbsp; &nbsp;&nbsp; &nbsp;&nbsp; &nbsp;&nbsp; &nbsp;&nbsp; &nbsp;&nbsp; &nbsp;&nbsp; &nbsp;&nbsp; &nbsp;<option value="56">&nbsp; &nbsp;&nbsp; &nbsp;&nbsp; &nbsp;&nbsp; &nbsp;&nbsp; &nbsp;&nbsp; &nbsp;&nbsp; &nbsp;Pool de Risco &nbsp; &nbsp;&nbsp; &nbsp;&nbsp; &nbsp;&nbsp; &nbsp;&nbsp; &nbsp;</option>&nbsp; &nbsp;&nbsp; &nbsp;&nbsp; &nbsp;&nbsp; &nbsp;&nbsp; &nbsp;&nbsp; &nbsp;&nbsp; &nbsp;&nbsp; &nbsp;&nbsp; &nbsp;&nbsp; &nbsp;&nbsp; &nbsp;<option value="25">&nbsp; &nbsp;&nbsp; &nbsp;&nbsp; &nbsp;&nbsp; &nbsp;&nbsp; &nbsp;&nbsp; &nbsp;&nbsp; &nbsp;Portabilidade de Car&ecirc;ncias &nbsp; &nbsp;&nbsp; &nbsp;&nbsp; &nbsp;&nbsp; &nbsp;&nbsp; &nbsp;</option>&nbsp; &nbsp;&nbsp; &nbsp;&nbsp; &nbsp;&nbsp; &nbsp;&nbsp; &nbsp;&nbsp; &nbsp;&nbsp; &nbsp;&nbsp; &nbsp;&nbsp; &nbsp;&nbsp; &nbsp;&nbsp; &nbsp;<option value="53">&nbsp; &nbsp;&nbsp; &nbsp;&nbsp; &nbsp;&nbsp; &nbsp;&nbsp; &nbsp;&nbsp; &nbsp;&nbsp; &nbsp;Portal Corporativo &nbsp; &nbsp;&nbsp; &nbsp;&nbsp; &nbsp;&nbsp; &nbsp;&nbsp; &nbsp;</option>&nbsp; &nbsp;&nbsp; &nbsp;&nbsp; &nbsp;&nbsp; &nbsp;&nbsp; &nbsp;&nbsp; &nbsp;&nbsp; &nbsp;&nbsp; &nbsp;&nbsp; &nbsp;&nbsp; &nbsp;&nbsp; &nbsp;<option value="45">&nbsp; &nbsp;&nbsp; &nbsp;&nbsp; &nbsp;&nbsp; &nbsp;&nbsp; &nbsp;&nbsp; &nbsp;&nbsp; &nbsp;Procedimento Eletr&ocirc;nico &nbsp; &nbsp;&nbsp; &nbsp;&nbsp; &nbsp;&nbsp; &nbsp;&nbsp; &nbsp;</option>&nbsp; &nbsp;&nbsp; &nbsp;&nbsp; &nbsp;&nbsp; &nbsp;&nbsp; &nbsp;&nbsp; &nbsp;&nbsp; &nbsp;&nbsp; &nbsp;&nbsp; &nbsp;&nbsp; &nbsp;&nbsp; &nbsp;<option value="46">&nbsp; &nbsp;&nbsp; &nbsp;&nbsp; &nbsp;&nbsp; &nbsp;&nbsp; &nbsp;&nbsp; &nbsp;&nbsp; &nbsp;Procedimento F&iacute;sico &nbsp; &nbsp;&nbsp; &nbsp;&nbsp; &nbsp;&nbsp; &nbsp;&nbsp; &nbsp;</option>&nbsp; &nbsp;&nbsp; &nbsp;&nbsp; &nbsp;&nbsp; &nbsp;&nbsp; &nbsp;&nbsp; &nbsp;&nbsp; &nbsp;&nbsp; &nbsp;&nbsp; &nbsp;&nbsp; &nbsp;&nbsp; &nbsp;<option value="7">&nbsp; &nbsp;&nbsp; &nbsp;&nbsp; &nbsp;&nbsp; &nbsp;&nbsp; &nbsp;&nbsp; &nbsp;&nbsp; &nbsp;Processo Administrativo Fiscal - Taxa de Sa&uacute;de Suplementar &nbsp; &nbsp;&nbsp; &nbsp;&nbsp; &nbsp;&nbsp; &nbsp;&nbsp; &nbsp;</option>&nbsp; &nbsp;&nbsp; &nbsp;&nbsp; &nbsp;&nbsp; &nbsp;&nbsp; &nbsp;&nbsp; &nbsp;&nbsp; &nbsp;&nbsp; &nbsp;&nbsp; &nbsp;&nbsp; &nbsp;&nbsp; &nbsp;<option value="36">&nbsp; &nbsp;&nbsp; &nbsp;&nbsp; &nbsp;&nbsp; &nbsp;&nbsp; &nbsp;&nbsp; &nbsp;&nbsp; &nbsp;Processo Administrativo Sancionador &nbsp; &nbsp;&nbsp; &nbsp;&nbsp; &nbsp;&nbsp; &nbsp;&nbsp; &nbsp;</option>&nbsp; &nbsp;&nbsp; &nbsp;&nbsp; &nbsp;&nbsp; &nbsp;&nbsp; &nbsp;&nbsp; &nbsp;&nbsp; &nbsp;&nbsp; &nbsp;&nbsp; &nbsp;&nbsp; &nbsp;&nbsp; &nbsp;<option value="38">&nbsp; &nbsp;&nbsp; &nbsp;&nbsp; &nbsp;&nbsp; &nbsp;&nbsp; &nbsp;&nbsp; &nbsp;&nbsp; &nbsp;Programa de Fiscaliza&ccedil;&atilde;o Pr&oacute;-ativa &nbsp; &nbsp;&nbsp; &nbsp;&nbsp; &nbsp;&nbsp; &nbsp;&nbsp; &nbsp;</option>&nbsp; &nbsp;&nbsp; &nbsp;&nbsp; &nbsp;&nbsp; &nbsp;&nbsp; &nbsp;&nbsp; &nbsp;&nbsp; &nbsp;&nbsp; &nbsp;&nbsp; &nbsp;&nbsp; &nbsp;&nbsp; &nbsp;<option value="20">&nbsp; &nbsp;&nbsp; &nbsp;&nbsp; &nbsp;&nbsp; &nbsp;&nbsp; &nbsp;&nbsp; &nbsp;&nbsp; &nbsp;Promo&ccedil;&atilde;o da Sa&uacute;de e Preven&ccedil;&atilde;o da Doen&ccedil;a &nbsp; &nbsp;&nbsp; &nbsp;&nbsp; &nbsp;&nbsp; &nbsp;&nbsp; &nbsp;</option>&nbsp; &nbsp;&nbsp; &nbsp;&nbsp; &nbsp;&nbsp; &nbsp;&nbsp; &nbsp;&nbsp; &nbsp;&nbsp; &nbsp;&nbsp; &nbsp;&nbsp; &nbsp;&nbsp; &nbsp;&nbsp; &nbsp;<option value="29">&nbsp; &nbsp;&nbsp; &nbsp;&nbsp; &nbsp;&nbsp; &nbsp;&nbsp; &nbsp;&nbsp; &nbsp;&nbsp; &nbsp;Qualidade na Sa&uacute;de Suplementar &nbsp; &nbsp;&nbsp; &nbsp;&nbsp; &nbsp;&nbsp; &nbsp;&nbsp; &nbsp;</option>&nbsp; &nbsp;&nbsp; &nbsp;&nbsp; &nbsp;&nbsp; &nbsp;&nbsp; &nbsp;&nbsp; &nbsp;&nbsp; &nbsp;&nbsp; &nbsp;&nbsp; &nbsp;&nbsp; &nbsp;&nbsp; &nbsp;<option value="43">&nbsp; &nbsp;&nbsp; &nbsp;&nbsp; &nbsp;&nbsp; &nbsp;&nbsp; &nbsp;&nbsp; &nbsp;&nbsp; &nbsp;Reajuste em Planos Exclusivamente Odontol&oacute;gicos &nbsp; &nbsp;&nbsp; &nbsp;&nbsp; &nbsp;&nbsp; &nbsp;&nbsp; &nbsp;</option>&nbsp; &nbsp;&nbsp; &nbsp;&nbsp; &nbsp;&nbsp; &nbsp;&nbsp; &nbsp;&nbsp; &nbsp;&nbsp; &nbsp;&nbsp; &nbsp;&nbsp; &nbsp;&nbsp; &nbsp;&nbsp; &nbsp;<option value="42">&nbsp; &nbsp;&nbsp; &nbsp;&nbsp; &nbsp;&nbsp; &nbsp;&nbsp; &nbsp;&nbsp; &nbsp;&nbsp; &nbsp;Reajuste em Planos M&eacute;dico-hospitalares, com ou sem cobertura odontol&oacute;gica &nbsp; &nbsp;&nbsp; &nbsp;&nbsp; &nbsp;&nbsp; &nbsp;&nbsp; &nbsp;</option>&nbsp; &nbsp;&nbsp; &nbsp;&nbsp; &nbsp;&nbsp; &nbsp;&nbsp; &nbsp;&nbsp; &nbsp;&nbsp; &nbsp;&nbsp; &nbsp;&nbsp; &nbsp;&nbsp; &nbsp;&nbsp; &nbsp;<option value="34">&nbsp; &nbsp;&nbsp; &nbsp;&nbsp; &nbsp;&nbsp; &nbsp;&nbsp; &nbsp;&nbsp; &nbsp;&nbsp; &nbsp;Regimento Interno &nbsp; &nbsp;&nbsp; &nbsp;&nbsp; &nbsp;&nbsp; &nbsp;&nbsp; &nbsp;</option>&nbsp; &nbsp;&nbsp; &nbsp;&nbsp; &nbsp;&nbsp; &nbsp;&nbsp; &nbsp;&nbsp; &nbsp;&nbsp; &nbsp;&nbsp; &nbsp;&nbsp; &nbsp;&nbsp; &nbsp;&nbsp; &nbsp;<option value="14">&nbsp; &nbsp;&nbsp; &nbsp;&nbsp; &nbsp;&nbsp; &nbsp;&nbsp; &nbsp;&nbsp; &nbsp;&nbsp; &nbsp;Regimes Especiais e Planos de Recupera&ccedil;&atilde;o &nbsp; &nbsp;&nbsp; &nbsp;&nbsp; &nbsp;&nbsp; &nbsp;&nbsp; &nbsp;</option>&nbsp; &nbsp;&nbsp; &nbsp;&nbsp; &nbsp;&nbsp; &nbsp;&nbsp; &nbsp;&nbsp; &nbsp;&nbsp; &nbsp;&nbsp; &nbsp;&nbsp; &nbsp;&nbsp; &nbsp;&nbsp; &nbsp;<option value="28">&nbsp; &nbsp;&nbsp; &nbsp;&nbsp; &nbsp;&nbsp; &nbsp;&nbsp; &nbsp;&nbsp; &nbsp;&nbsp; &nbsp;Regulamento de Licita&ccedil;&otilde;es e Contrata&ccedil;&otilde;es &nbsp; &nbsp;&nbsp; &nbsp;&nbsp; &nbsp;&nbsp; &nbsp;&nbsp; &nbsp;</option>&nbsp; &nbsp;&nbsp; &nbsp;&nbsp; &nbsp;&nbsp; &nbsp;&nbsp; &nbsp;&nbsp; &nbsp;&nbsp; &nbsp;&nbsp; &nbsp;&nbsp; &nbsp;&nbsp; &nbsp;&nbsp; &nbsp;<option value="49">&nbsp; &nbsp;&nbsp; &nbsp;&nbsp; &nbsp;&nbsp; &nbsp;&nbsp; &nbsp;&nbsp; &nbsp;&nbsp; &nbsp;Repert&oacute;rio de Enunciados &nbsp; &nbsp;&nbsp; &nbsp;&nbsp; &nbsp;&nbsp; &nbsp;&nbsp; &nbsp;</option>&nbsp; &nbsp;&nbsp; &nbsp;&nbsp; &nbsp;&nbsp; &nbsp;&nbsp; &nbsp;&nbsp; &nbsp;&nbsp; &nbsp;&nbsp; &nbsp;&nbsp; &nbsp;&nbsp; &nbsp;&nbsp; &nbsp;<option value="48">&nbsp; &nbsp;&nbsp; &nbsp;&nbsp; &nbsp;&nbsp; &nbsp;&nbsp; &nbsp;&nbsp; &nbsp;&nbsp; &nbsp;Revis&atilde;o T&eacute;cnica &nbsp; &nbsp;&nbsp; &nbsp;&nbsp; &nbsp;&nbsp; &nbsp;&nbsp; &nbsp;</option>&nbsp; &nbsp;&nbsp; &nbsp;&nbsp; &nbsp;&nbsp; &nbsp;&nbsp; &nbsp;&nbsp; &nbsp;&nbsp; &nbsp;&nbsp; &nbsp;&nbsp; &nbsp;&nbsp; &nbsp;&nbsp; &nbsp;<option value="37">&nbsp; &nbsp;&nbsp; &nbsp;&nbsp; &nbsp;&nbsp; &nbsp;&nbsp; &nbsp;&nbsp; &nbsp;&nbsp; &nbsp;San&ccedil;&otilde;es Aplic&aacute;veis &nbsp; &nbsp;&nbsp; &nbsp;&nbsp; &nbsp;&nbsp; &nbsp;&nbsp; &nbsp;</option>&nbsp; &nbsp;&nbsp; &nbsp;&nbsp; &nbsp;&nbsp; &nbsp;&nbsp; &nbsp;&nbsp; &nbsp;&nbsp; &nbsp;&nbsp; &nbsp;&nbsp; &nbsp;&nbsp; &nbsp;&nbsp; &nbsp;<option value="44">&nbsp; &nbsp;&nbsp; &nbsp;&nbsp; &nbsp;&nbsp; &nbsp;&nbsp; &nbsp;&nbsp; &nbsp;&nbsp; &nbsp;Tabela &Uacute;nica Nacional de Equival&ecirc;ncia de Procedimentos - TUNEP &nbsp; &nbsp;&nbsp; &nbsp;&nbsp; &nbsp;&nbsp; &nbsp;&nbsp; &nbsp;</option>&nbsp; &nbsp;&nbsp; &nbsp;&nbsp; &nbsp;&nbsp; &nbsp;&nbsp; &nbsp;&nbsp; &nbsp;&nbsp; &nbsp;&nbsp; &nbsp;&nbsp; &nbsp;&nbsp; &nbsp;&nbsp; &nbsp;<option value="35">&nbsp; &nbsp;&nbsp; &nbsp;&nbsp; &nbsp;&nbsp; &nbsp;&nbsp; &nbsp;&nbsp; &nbsp;&nbsp; &nbsp;Termo de Compromisso de Ajuste de Conduta &nbsp; &nbsp;&nbsp; &nbsp;&nbsp; &nbsp;&nbsp; &nbsp;&nbsp; &nbsp;</option>&nbsp; &nbsp;&nbsp; &nbsp;&nbsp; &nbsp;&nbsp; &nbsp;&nbsp; &nbsp;&nbsp; &nbsp;&nbsp; &nbsp;&nbsp; &nbsp;&nbsp; &nbsp;&nbsp; &nbsp;&nbsp; &nbsp;<option value="21">&nbsp; &nbsp;&nbsp; &nbsp;&nbsp; &nbsp;&nbsp; &nbsp;&nbsp; &nbsp;&nbsp; &nbsp;&nbsp; &nbsp;Urg&ecirc;ncia e Emerg&ecirc;ncia &nbsp; &nbsp;&nbsp; &nbsp;&nbsp; &nbsp;&nbsp; &nbsp;&nbsp; &nbsp;</option>&nbsp; &nbsp; &nbsp;&nbsp; &nbsp;&nbsp; &nbsp;&nbsp; &nbsp;&nbsp; &nbsp;&nbsp; &nbsp;&nbsp; &nbsp;&nbsp; &nbsp;&nbsp; &nbsp;</select></fieldset>\n<div class="separador10px">&nbsp;</div>\n<fieldset class="bordaSeparadorVertical"><label>Tipo de Norma</label><br /><select id="normaId" class="campoSelect" name="normaId">&nbsp; &nbsp; &nbsp;&nbsp; &nbsp;&nbsp; &nbsp;&nbsp; &nbsp;&nbsp; &nbsp;<option></option>&nbsp; &nbsp;&nbsp; &nbsp;&nbsp; &nbsp;&nbsp; &nbsp;&nbsp; &nbsp;&nbsp; &nbsp;&nbsp; &nbsp;&nbsp; &nbsp;&nbsp; &nbsp;&nbsp; &nbsp;&nbsp; &nbsp;<option value="12">&nbsp; &nbsp;&nbsp; &nbsp;&nbsp; &nbsp;&nbsp; &nbsp;&nbsp; &nbsp;&nbsp; &nbsp;&nbsp; &nbsp;Comunicado &nbsp; &nbsp;&nbsp; &nbsp;&nbsp; &nbsp;&nbsp; &nbsp;&nbsp; &nbsp;</option>&nbsp; &nbsp;&nbsp; &nbsp;&nbsp; &nbsp;&nbsp; &nbsp;&nbsp; &nbsp;&nbsp; &nbsp;&nbsp; &nbsp;&nbsp; &nbsp;&nbsp; &nbsp;&nbsp; &nbsp;&nbsp; &nbsp;<option value="2">&nbsp; &nbsp;&nbsp; &nbsp;&nbsp; &nbsp;&nbsp; &nbsp;&nbsp; &nbsp;&nbsp; &nbsp;&nbsp; &nbsp;Decreto &nbsp; &nbsp;&nbsp; &nbsp;&nbsp; &nbsp;&nbsp; &nbsp;&nbsp; &nbsp;</option>&nbsp; &nbsp;&nbsp; &nbsp;&nbsp; &nbsp;&nbsp; &nbsp;&nbsp; &nbsp;&nbsp; &nbsp;&nbsp; &nbsp;&nbsp; &nbsp;&nbsp; &nbsp;&nbsp; &nbsp;&nbsp; &nbsp;<option value="10">&nbsp; &nbsp;&nbsp; &nbsp;&nbsp; &nbsp;&nbsp; &nbsp;&nbsp; &nbsp;&nbsp; &nbsp;&nbsp; &nbsp;Despacho &nbsp; &nbsp;&nbsp; &nbsp;&nbsp; &nbsp;&nbsp; &nbsp;&nbsp; &nbsp;</option>&nbsp; &nbsp;&nbsp; &nbsp;&nbsp; &nbsp;&nbsp; &nbsp;&nbsp; &nbsp;&nbsp; &nbsp;&nbsp; &nbsp;&nbsp; &nbsp;&nbsp; &nbsp;&nbsp; &nbsp;&nbsp; &nbsp;<option selected="selected" value="3">&nbsp; &nbsp;&nbsp; &nbsp;&nbsp; &nbsp;&nbsp; &nbsp;&nbsp; &nbsp;&nbsp; &nbsp;&nbsp; &nbsp;IN &nbsp; &nbsp;&nbsp; &nbsp;&nbsp; &nbsp;&nbsp; &nbsp;&nbsp; &nbsp;</option>&nbsp; &nbsp;&nbsp; &nbsp;&nbsp; &nbsp;&nbsp; &nbsp;&nbsp; &nbsp;&nbsp; &nbsp;&nbsp; &nbsp;&nbsp; &nbsp;&nbsp; &nbsp;&nbsp; &nbsp;&nbsp; &nbsp;<option value="14">&nbsp; &nbsp;&nbsp; &nbsp;&nbsp; &nbsp;&nbsp; &nbsp;&nbsp; &nbsp;&nbsp; &nbsp;&nbsp; &nbsp;INC &nbsp; &nbsp;&nbsp; &nbsp;&nbsp; &nbsp;&nbsp; &nbsp;&nbsp; &nbsp;</option>&nbsp; &nbsp;&nbsp; &nbsp;&nbsp; &nbsp;&nbsp; &nbsp;&nbsp; &nbsp;&nbsp; &nbsp;&nbsp; &nbsp;&nbsp; &nbsp;&nbsp; &nbsp;&nbsp; &nbsp;&nbsp; &nbsp;<option value="1">&nbsp; &nbsp;&nbsp; &nbsp;&nbsp; &nbsp;&nbsp; &nbsp;&nbsp; &nbsp;&nbsp; &nbsp;&nbsp; &nbsp;Lei &nbsp; &nbsp;&nbsp; &nbsp;&nbsp; &nbsp;&nbsp; &nbsp;&nbsp; &nbsp;</option>&nbsp; &nbsp;&nbsp; &nbsp;&nbsp; &nbsp;&nbsp; &nbsp;&nbsp; &nbsp;&nbsp; &nbsp;&nbsp; &nbsp;&nbsp; &nbsp;&nbsp; &nbsp;&nbsp; &nbsp;&nbsp; &nbsp;<option value="13">&nbsp; &nbsp;&nbsp; &nbsp;&nbsp; &nbsp;&nbsp; &nbsp;&nbsp; &nbsp;&nbsp; &nbsp;&nbsp; &nbsp;MP &nbsp; &nbsp;&nbsp; &nbsp;&nbsp; &nbsp;&nbsp; &nbsp;&nbsp; &nbsp;</option>&nbsp; &nbsp;&nbsp; &nbsp;&nbsp; &nbsp;&nbsp; &nbsp;&nbsp; &nbsp;&nbsp; &nbsp;&nbsp; &nbsp;&nbsp; &nbsp;&nbsp; &nbsp;&nbsp; &nbsp;&nbsp; &nbsp;<option value="4">&nbsp; &nbsp;&nbsp; &nbsp;&nbsp; &nbsp;&nbsp; &nbsp;&nbsp; &nbsp;&nbsp; &nbsp;&nbsp; &nbsp;CONSU &nbsp; &nbsp;&nbsp; &nbsp;&nbsp; &nbsp;&nbsp; &nbsp;&nbsp; &nbsp;</option>&nbsp; &nbsp;&nbsp; &nbsp;&nbsp; &nbsp;&nbsp; &nbsp;&nbsp; &nbsp;&nbsp; &nbsp;&nbsp; &nbsp;&nbsp; &nbsp;&nbsp; &nbsp;&nbsp; &nbsp;&nbsp; &nbsp;<option value="5">&nbsp; &nbsp;&nbsp; &nbsp;&nbsp; &nbsp;&nbsp; &nbsp;&nbsp; &nbsp;&nbsp; &nbsp;&nbsp; &nbsp;RDC &nbsp; &nbsp;&nbsp; &nbsp;&nbsp; &nbsp;&nbsp; &nbsp;&nbsp; &nbsp;</option>&nbsp; &nbsp;&nbsp; &nbsp;&nbsp; &nbsp;&nbsp; &nbsp;&nbsp; &nbsp;&nbsp; &nbsp;&nbsp; &nbsp;&nbsp; &nbsp;&nbsp; &nbsp;&nbsp; &nbsp;&nbsp; &nbsp;<option value="6">&nbsp; &nbsp;&nbsp; &nbsp;&nbsp; &nbsp;&nbsp; &nbsp;&nbsp; &nbsp;&nbsp; &nbsp;&nbsp; &nbsp;RE &nbsp; &nbsp;&nbsp; &nbsp;&nbsp; &nbsp;&nbsp; &nbsp;&nbsp; &nbsp;</option>&nbsp; &nbsp;&nbsp; &nbsp;&nbsp; &nbsp;&nbsp; &nbsp;&nbsp; &nbsp;&nbsp; &nbsp;&nbsp; &nbsp;&nbsp; &nbsp;&nbsp; &nbsp;&nbsp; &nbsp;&nbsp; &nbsp;<option value="7">&nbsp; &nbsp;&nbsp; &nbsp;&nbsp; &nbsp;&nbsp; &nbsp;&nbsp; &nbsp;&nbsp; &nbsp;&nbsp; &nbsp;RN &nbsp; &nbsp;&nbsp; &nbsp;&nbsp; &nbsp;&nbsp; &nbsp;&nbsp; &nbsp;</option>&nbsp; &nbsp;&nbsp; &nbsp;&nbsp; &nbsp;&nbsp; &nbsp;&nbsp; &nbsp;&nbsp; &nbsp;&nbsp; &nbsp;&nbsp; &nbsp;&nbsp; &nbsp;&nbsp; &nbsp;&nbsp; &nbsp;<option value="15">&nbsp; &nbsp;&nbsp; &nbsp;&nbsp; &nbsp;&nbsp; &nbsp;&nbsp; &nbsp;&nbsp; &nbsp;&nbsp; &nbsp;RNC &nbsp; &nbsp;&nbsp; &nbsp;&nbsp; &nbsp;&nbsp; &nbsp;&nbsp; &nbsp;</option>&nbsp; &nbsp;&nbsp; &nbsp;&nbsp; &nbsp;&nbsp; &nbsp;&nbsp; &nbsp;&nbsp; &nbsp;&nbsp; &nbsp;&nbsp; &nbsp;&nbsp; &nbsp;&nbsp; &nbsp;&nbsp; &nbsp;<option value="9">&nbsp; &nbsp;&nbsp; &nbsp;&nbsp; &nbsp;&nbsp; &nbsp;&nbsp; &nbsp;&nbsp; &nbsp;&nbsp; &nbsp;RO &nbsp; &nbsp;&nbsp; &nbsp;&nbsp; &nbsp;&nbsp; &nbsp;&nbsp; &nbsp;</option>&nbsp; &nbsp;&nbsp; &nbsp;&nbsp; &nbsp;&nbsp; &nbsp;&nbsp; &nbsp;&nbsp; &nbsp;&nbsp; &nbsp;&nbsp; &nbsp;&nbsp; &nbsp;&nbsp; &nbsp;&nbsp; &nbsp;<option value="8">&nbsp; &nbsp;&nbsp; &nbsp;&nbsp; &nbsp;&nbsp; &nbsp;&nbsp; &nbsp;&nbsp; &nbsp;&nbsp; &nbsp;S&uacute;mula &nbsp; &nbsp;&nbsp; &nbsp;&nbsp; &nbsp;&nbsp; &nbsp;&nbsp; &nbsp;</option>&nbsp; &nbsp; &nbsp;&nbsp; &nbsp;&nbsp; &nbsp;&nbsp; &nbsp;&nbsp; &nbsp;&nbsp; &nbsp;&nbsp; &nbsp;&nbsp; &nbsp;&nbsp; &nbsp;</select></fieldset><fieldset class="flutuarEsquerda"><label>N&uacute;mero da Norma</label><br /><input id="numero" class="campoTexto" maxlength="10" name="numero" size="12" type="text" value="52" /></fieldset><fieldset class="flutuarEsquerda"><label>Incluir Revogadas</label><br /><input id="revogada0" name="revogada" type="radio" value="0" />&nbsp;<label>N&atilde;o</label>&nbsp;&nbsp;&nbsp;<input id="revogada1" checked="checked" name="revogada" type="radio" value="1" />&nbsp;<label>Sim</label></fieldset>\n<div class="limparFlutuacoes">&nbsp;</div>\n<fieldset class="flutuarEsquerda"><label>Palavra-Chave</label><br /><input id="palavra_chave" class="campoTexto" maxlength="50" name="palavra_chave" type="text" value="Digite a palavra-chave" /></fieldset>\n<div class="separador10px">&nbsp;</div>\n<fieldset class="bordaSeparadorVertical"><label>Data de publica&ccedil;&atilde;o:</label><br /><select id="publicacao" class="campoSelect flutuarEsquerda" name="publicacao">&nbsp; &nbsp; &nbsp;&nbsp; &nbsp;&nbsp; &nbsp;&nbsp; &nbsp;&nbsp; &nbsp;<option selected="selected" value="Igual a">Igual a</option>&nbsp; &nbsp; &nbsp;&nbsp; &nbsp;&nbsp; &nbsp;&nbsp; &nbsp;&nbsp; &nbsp;<option value="Maior que">Maior que</option>&nbsp; &nbsp; &nbsp;&nbsp; &nbsp;&nbsp; &nbsp;&nbsp; &nbsp;&nbsp; &nbsp;<option value="Menor que">Menor que</option>&nbsp;&nbsp; &nbsp;&nbsp; &nbsp;&nbsp; &nbsp;&nbsp; &nbsp;</select></fieldset><fieldset class="flutuarEsquerda"><br /><input id="data_dou" class="campoTexto flutuarEsquerda calendar" maxlength="10" name="data_dou" size="20" type="text" /><button class="calendar"></button></fieldset>\n<div class="limparFlutuacoes">&nbsp;</div>\n<hr />\n<div>\n<div class="btn">\n<div class="btnTop"></div>\n<div class="btnConteudo"><button class="button">Buscar</button></div>\n<div class="btnBottom"></div>\n</div>\n</div>\n<div class="separador10px">&nbsp;</div>\n<div>\n<div class="btn">\n<div class="btnTop"></div>\n<div class="btnConteudo"><button class="button">Limpar</button></div>\n<div class="btnBottom"></div>\n</div>\n</div>\n<div class="separador10px">&nbsp;</div>\n<div class="separador10px">&nbsp;</div>\n<div>\n<div><a href="http://www.ans.gov.br/index.php/legislacao/busca-de-legislacao/744-indice-tematico"><img class="flutuarEsquerda" title="Buscar pelo &Iacute;ndice Tem&aacute;tico" src="http://www.ans.gov.br/components/com_legislacao/assets/images/indice_tematico.png" alt="Buscar pelo &Iacute;ndice Tem&aacute;tico" /></a></div>\n</div>\n</div>\n<div class="display"><label>N&uacute;mero de registros por p&aacute;gina:&nbsp;<select id="limit" class="inputbox" name="limit" size="1"><option selected="selected" value="5">5</option><option value="10">10</option><option value="15">15</option><option value="20">20</option><option value="25">25</option><option value="30">30</option><option value="50">50</option><option value="100">100</option></select></label></div>\n<div class="bordaRedonda">\n<div class="TopoEsq">&nbsp;</div>\n<div class="TopoDir">&nbsp;</div>\n<table class="resultadoLegis" style="width: 100%;" border="0" cellspacing="0" cellpadding="0">\n<thead>\n<tr>\n<th>Norma</th><th>A&ccedil;&otilde;es</th>\n</tr>\n</thead>\n<tbody>\n<tr bgcolor="#FFFFFF">\n<td>\n<table border="0" cellspacing="0" cellpadding="0">\n<tbody>\n<tr>\n<th class="label" scope="row">Norma:</th>\n<td><strong>Instru&ccedil;&atilde;o Normativa n&ordm; 52 / DIDES</strong></td>\n</tr>\n<tr>\n<th class="label" scope="row">Data D.O.U.:</th>\n<td>22/03/2013</td>\n</tr>\n<tr>\n<th class="label" scope="row">Ementa:</th>\n<td>Define as regras para a divulga&ccedil;&atilde;o da qualifica&ccedil;&atilde;o dos prestadores de servi&ccedil;os pelas operadoras de planos privados de assist&ecirc;ncia &agrave; sa&uacute;de em seus materiais de divulga&ccedil;&atilde;o da rede assistencial.</td>\n</tr>\n<tr>\n<th class="label" scope="row">Tema(s):</th>\n<td>&nbsp;</td>\n</tr>\n<tr>\n<th class="label" scope="row">Assunto(s):</th>\n<td>&nbsp;</td>\n</tr>\n<tr>\n<th class="label" scope="row">Palavras-chaves:</th>\n<td>&nbsp;</td>\n</tr>\n</tbody>\n</table>\n</td>\n<td>\n<table border="0" cellspacing="0" cellpadding="0">\n<tbody>\n<tr>\n<td><a href="http://www.ans.gov.br/index2.php?option=com_legislacao&amp;view=legislacao&amp;task=TextoLei&amp;format=raw&amp;id=2393" target="_blank"><img class="flutuarEsquerda" src="http://www.ans.gov.br/components/com_legislacao/assets/images/ico_verDetalhes.gif" alt="Ver detalhes" width="39" height="38" /></a></td>\n<td><a href="http://www.ans.gov.br/index2.php?option=com_legislacao&amp;view=legislacao&amp;task=TextoLei&amp;format=raw&amp;id=2393" target="_blank">Visualizar norma</a></td>\n</tr>\n<tr>\n<td><a href="http://www.ans.gov.br/index2.php?option=com_legislacao&amp;view=legislacao&amp;task=PDFOriginal&amp;format=raw&amp;id=2393" target="_blank"><img class="flutuarEsquerda" src="http://www.ans.gov.br/components/com_legislacao/assets/images/ico_pdf.gif" alt="PDF" width="39" height="39" /></a></td>\n<td><a href="http://www.ans.gov.br/index2.php?option=com_legislacao&amp;view=legislacao&amp;task=PDFOriginal&amp;format=raw&amp;id=2393" target="_blank">Baixar Norma Original</a></td>\n</tr>\n<tr>\n<td><a href="http://www.ans.gov.br/index2.php?option=com_legislacao&amp;view=legislacao&amp;task=PDFAtualizado&amp;format=raw&amp;id=2393" target="_blank"><img class="flutuarEsquerda" src="http://www.ans.gov.br/components/com_legislacao/assets/images/ico_pdf_atualizado.gif" alt="PDF atualizado" width="39" height="39" /></a></td>\n<td><a href="http://www.ans.gov.br/index2.php?option=com_legislacao&amp;view=legislacao&amp;task=PDFAtualizado&amp;format=raw&amp;id=2393" target="_blank">Baixar Norma Atualizada</a></td>\n</tr>\n</tbody>\n</table>\n</td>\n</tr>\n</tbody>\n</table>\n<div class="BaixoEsq">&nbsp;</div>\n<div class="BaixoDir">&nbsp;</div>\n</div>\n<div class="paginacao"><span>Resultados 1 - 1 de 1Pagina&nbsp;</span></div>\n</form>', 1, '2013-08-07 12:05:49', 'e', 1),
(156, 'Teste do bloqueado', '<p>Teste Bloqueado</p>', 1, '2013-08-07 12:07:49', 'e', 1),
(157, 'Para contador', '<p>Teste para contador&nbsp;</p>', 1, '2013-08-07 12:15:03', 'e', 2),
(158, 'Teste bloqueado 2', '<p>Teste bloqueado&nbsp;</p>', 1, '2013-08-07 12:23:25', 'e', 1),
(159, 'Teste bloqueado 3', '<p>Teste bloqueado&nbsp;</p>', 1, '2013-08-07 12:25:07', 'e', 2),
(160, 'Treinamento TISS 3.0', '<p class="MsoNormal"><img src="http://www.wallyconsultoria.com.br/site/assets/uploads/images/01_-_treinamento_tiss_3.0_ago/01_-_logo.png" alt="" width="255" height="115" /></p>\n<p class="MsoNormal">&nbsp;</p>\n<p class="MsoNormal">&nbsp;</p>\n<p class="MsoNormal">A Wally Consultoria tem a satisfa&ccedil;&atilde;o de convid&aacute;-lo(a) para seu primeiro treinamento gratuito, cujo tema &eacute;:&nbsp;</p>\n<p><img src="http://www.wallyconsultoria.com.br/site/assets/uploads/images/01_-_treinamento_tiss_3.0_ago/02,0_-_treinamento_tiss30.png" alt="" width="636" height="208" /></p>\n<p class="MsoNormal"><strong>&nbsp;</strong></p>\n<p class="MsoNormal"><span style="font-size: medium;">Fa&ccedil;a j&aacute; sua inscri&ccedil;&atilde;o preenchendo a ficha e encaminhando via e-mail para:</span></p>\n<p><span style="font-size: medium;"></span></p>\n<p class="MsoNormal"><a href="mailto:treinamento@wallyconsultoria.com.br"><span style="color: #0000ff;"><span style="font-size: medium;"><strong><span style="text-decoration: underline;">treinamento@wallyconsultoria.com.br</span></strong></span></span></a></p>\n<p class="MsoNormal">&nbsp;</p>\n<p class="MsoNormal">&nbsp;</p>\n<p class="MsoNormal">&nbsp;</p>\n<p class="MsoNormal" style="text-align: center;"><strong><span style="text-decoration: underline;"><a href="https://maps.google.com.br/maps?q=Avenida+Paulista,+1.079&amp;bav=on.2,or.r_cp.r_qf.&amp;bvm=bv.50500085,d.aWc,pv.xjs.s.en_US.ciY8R2R6XC8.O&amp;biw=1366&amp;bih=640&amp;um=1&amp;ie=UTF-8&amp;hl=pt-BR&amp;sa=N&amp;tab=wl"><img src="http://www.wallyconsultoria.com.br/site/assets/uploads/images/01_-_treinamento_tiss_3.0_ago/02,1_-_mapa.png" alt="" width="412" height="229" /></a><br /></span></strong></p>\n<p style="text-align: center;">&nbsp;</p>\n<p class="MsoNormal" style="text-align: center;">Aproveite e conhe&ccedil;a nosso site: <strong><a href="http://www.wallyconsultoria.com.br/">www.wallyconsultoria.com.br</a></strong></p>\n<p class="MsoNormal">&nbsp;</p>\n<p class="MsoNormal">&nbsp;</p>\n<!--[if gte vml 1]><v:shapetype  id="_x0000_t75" coordsize="21600,21600" o:spt="75" o:preferrelative="t"  path="m@4@5l@4@11@9@11@9@5xe" filled="f" stroked="f"> <v:stroke joinstyle="miter" /> <v:formulas> <v:f eqn="if lineDrawn pixelLineWidth 0" /> <v:f eqn="sum @0 1 0" /> <v:f eqn="sum 0 0 @1" /> <v:f eqn="prod @2 1 2" /> <v:f eqn="prod @3 21600 pixelWidth" /> <v:f eqn="prod @3 21600 pixelHeight" /> <v:f eqn="sum @0 0 1" /> <v:f eqn="prod @6 1 2" /> <v:f eqn="prod @7 21600 pixelWidth" /> <v:f eqn="sum @8 21600 0" /> <v:f eqn="prod @7 21600 pixelHeight" /> <v:f eqn="sum @10 21600 0" /> </v:formulas> <v:path o:extrusionok="f" gradientshapeok="t" o:connecttype="rect" /> <o:lock v:ext="edit" aspectratio="t" /> </v:shapetype><v:shape id="_x0000_i1025" type="#_x0000_t75" style=''width:441pt;  height:312pt''> <v:imagedata src="file:///C:\\Users\\sony\\AppData\\Local\\Temp\\msohtmlclip1\\01\\clip_image001.jpg" mce_src="file:///C:\\Users\\sony\\AppData\\Local\\Temp\\msohtmlclip1\\01\\clip_image001.jpg"   o:title="01 - Convite_TISS" /> </v:shape><![endif]--><!--[if !vml]--><!--[endif]-->', NULL, '2013-08-07 12:28:44', 's', NULL),
(165, 'Teste - Email de envio', '<p>Teste para verificar o e-mail de envio.</p>', 1, '2013-08-11 11:28:10', 'e', 1),
(166, 'Teste do e-mail de origem', '<p>Teste</p>', 1, '2013-08-14 10:28:31', 'e', 1),
(167, 'Teste - Email de envio', '<p>Teste - Email de envio</p>', 1, '2013-08-15 05:35:17', 'e', 1),
(168, 'Teste 20/8/2013 - 18h08', '<p>Teste 20/8/2013 - 18h08</p>', 1, '2013-08-20 06:08:17', 'r', NULL);

-- --------------------------------------------------------

--
-- Table structure for table `relatorios_destinatarios`
--

CREATE TABLE IF NOT EXISTS `relatorios_destinatarios` (
  `id` int(11) NOT NULL AUTO_INCREMENT,
  `email_destinatario` varchar(100) DEFAULT NULL,
  `relatorio_envio_id` int(11) DEFAULT NULL,
  PRIMARY KEY (`id`),
  KEY `fk_relatorios_destinatarios_1` (`relatorio_envio_id`)
) ENGINE=InnoDB  DEFAULT CHARSET=latin1 AUTO_INCREMENT=67 ;

--
-- Dumping data for table `relatorios_destinatarios`
--

INSERT INTO `relatorios_destinatarios` (`id`, `email_destinatario`, `relatorio_envio_id`) VALUES
(9, 'gleidson@kmcnigro.com.br', 5),
(10, 'gleidsonbrito.ads@gmail.com', 5),
(11, 'gleidsonbrito.ads@gmail.com', 5),
(12, 'gleidsonbrito.ads@gmail.com', 5),
(13, 'gleidson@kmcnigro.com.br', 6),
(14, 'gleidsonbrito.ads@gmail.com', 6),
(15, 'gleidson@kmcnigro.com.br', 7),
(16, 'gleidson@kmcnigro.com.br', 7),
(17, 'gleidsonbrito.ads@gmail.com', 7),
(18, 'gleidson@kmcnigro.com.br', 8),
(19, 'gleidson@kmcnigro.com.br', 8),
(20, 'gleidsonbrito.ads@gmail.com', 8),
(21, 'gleidson@kmcnigro.com.br', 9),
(22, 'wally@bmvconsultoria.com.br', 10),
(23, 'financeiro@bmvconsultoria.com.br', 10),
(24, 'gleidson@kmcnigro.com.br', 11),
(25, 'gleidson@kmcnigro.com.br', 11),
(26, 'gleidson@kmcnigro.com.br', 11),
(27, 'gleidsonbrito.ads@gmail.com', 11),
(28, 'wally@bmvconsultoria.com.br', 11),
(29, 'financeiro@bmvconsultoria.com.br', 11),
(30, 'wally.bmc@gmail.com', 12),
(31, 'gleidson@kmcnigro.com.br', 12),
(32, 'gleidsonbrito.ads@gmail.com', 12),
(33, 'wally@bmvconsultoria.com.br', 12),
(34, 'financeiro@bmvconsultoria.com.br', 12),
(35, 'wally.bmc@gmail.com', 13),
(36, 'gleidson@kmcnigro.com.br', 13),
(37, 'gleidsonbrito.ads@gmail.com', 13),
(38, 'wally@bmvconsultoria.com.br', 13),
(39, 'financeiro@bmvconsultoria.com.br', 13),
(40, 'wally.bmc@gmail.com', 14),
(41, 'wally@bmvconsultoria.com.br', 14),
(42, 'wally.bmc@gmail.com', 15),
(43, 'gleidson@kmcnigro.com.br', 15),
(44, 'gleidsonbrito.ads@gmail.com', 15),
(45, 'wally@bmvconsultoria.com.br', 15),
(46, 'financeiro@bmvconsultoria.com.br', 15),
(47, 'wally.bmc@gmail.com', 16),
(48, 'gleidson@kmcnigro.com.br', 16),
(49, 'gleidsonbrito.ads@gmail.com', 16),
(50, 'wally@bmvconsultoria.com.br', 16),
(51, 'financeiro@bmvconsultoria.com.br', 16),
(52, 'wally@bmvconsultoria.com.br', 17),
(53, 'financeiro@bmvconsultoria.com.br', 17),
(54, 'wally.bmc@gmail.com', 18),
(55, 'gleidson@kmcnigro.com.br', 18),
(56, 'gleidsonbrito.ads@gmail.com', 18),
(57, 'wally@bmvconsultoria.com.br', 18),
(58, 'financeiro@bmvconsultoria.com.br', 18),
(59, 'wally@bmvconsultoria.com.br', 19),
(60, 'financeiro@bmvconsultoria.com.br', 19),
(61, 'wally@bmvconsultoria.com.br', 20),
(62, 'financeiro@bmvconsultoria.com.br', 20),
(63, 'wally@bmvconsultoria.com.br', 21),
(64, 'financeiro@bmvconsultoria.com.br', 21),
(65, 'wally@bmvconsultoria.com.br', 22),
(66, 'financeiro@bmvconsultoria.com.br', 22);

-- --------------------------------------------------------

--
-- Table structure for table `relatorios_envios`
--

CREATE TABLE IF NOT EXISTS `relatorios_envios` (
  `id` int(11) NOT NULL AUTO_INCREMENT,
  `data_envio` datetime DEFAULT NULL,
  `informativo_id` int(11) DEFAULT NULL,
  PRIMARY KEY (`id`),
  KEY `fk_relatorios_envios_1` (`informativo_id`)
) ENGINE=InnoDB  DEFAULT CHARSET=latin1 AUTO_INCREMENT=23 ;

--
-- Dumping data for table `relatorios_envios`
--

INSERT INTO `relatorios_envios` (`id`, `data_envio`, `informativo_id`) VALUES
(5, '2013-07-25 04:16:26', 137),
(6, '2013-07-25 04:30:25', 138),
(7, '2013-08-01 07:12:46', 140),
(8, '2013-08-01 04:46:26', 142),
(9, '2013-08-01 04:47:56', 143),
(10, '2013-08-06 02:39:00', 147),
(11, '2013-08-06 02:51:29', 150),
(12, '2013-08-07 11:41:12', 151),
(13, '2013-08-07 11:46:05', 153),
(14, '2013-08-07 12:01:07', 154),
(15, '2013-08-07 12:05:49', 155),
(16, '2013-08-07 12:07:49', 156),
(17, '2013-08-07 12:15:03', 157),
(18, '2013-08-07 12:23:25', 158),
(19, '2013-08-07 12:25:07', 159),
(20, '2013-08-11 11:28:10', 165),
(21, '2013-08-14 10:28:31', 166),
(22, '2013-08-15 05:35:17', 167);

-- --------------------------------------------------------

--
-- Table structure for table `tipos_informativos`
--

CREATE TABLE IF NOT EXISTS `tipos_informativos` (
  `id` int(11) NOT NULL AUTO_INCREMENT,
  `nome` varchar(30) NOT NULL,
  `descricao` varchar(255) NOT NULL,
  PRIMARY KEY (`id`)
) ENGINE=InnoDB  DEFAULT CHARSET=latin1 AUTO_INCREMENT=7 ;

--
-- Dumping data for table `tipos_informativos`
--

INSERT INTO `tipos_informativos` (`id`, `nome`, `descricao`) VALUES
(1, 'Legislação', 'Todas as normas publicadas pela ANS'),
(2, 'Lembretes', 'Informativos periodicos sobre obrigações regulatorias'),
(3, 'Analise do setor', 'Apresenta artigos sobre o setor'),
(4, 'Clipping', 'Principais noticias sobre o setor'),
(5, 'Circulares', 'Esclarecimentos sobre as Principais normas publicadas pela ANS'),
(6, 'Treinamento', 'Treinamentos promovidos pela Wally Consultoria');

--
-- Constraints for dumped tables
--

--
-- Constraints for table `empresas_participantes_grupos`
--
ALTER TABLE `empresas_participantes_grupos`
  ADD CONSTRAINT `foreignkey_empresa_grupo_1` FOREIGN KEY (`empresa_id`) REFERENCES `empresas` (`id`) ON DELETE NO ACTION ON UPDATE NO ACTION,
  ADD CONSTRAINT `foreignkey_empresa_grupo_2` FOREIGN KEY (`grupo_id`) REFERENCES `grupos_empresas` (`id`) ON DELETE NO ACTION ON UPDATE NO ACTION;

--
-- Constraints for table `empresa_tipo_informativo`
--
ALTER TABLE `empresa_tipo_informativo`
  ADD CONSTRAINT `foreign_key_empresa_tipo_informativo_1` FOREIGN KEY (`empresa_id`) REFERENCES `empresas` (`id`) ON DELETE NO ACTION ON UPDATE NO ACTION,
  ADD CONSTRAINT `foreign_key_empresa_tipo_informativo_2` FOREIGN KEY (`tipo_informativo_id`) REFERENCES `tipos_informativos` (`id`) ON DELETE NO ACTION ON UPDATE NO ACTION;

--
-- Constraints for table `funcionarios`
--
ALTER TABLE `funcionarios`
  ADD CONSTRAINT `funcionario_fk_empresa` FOREIGN KEY (`empresa_id`) REFERENCES `empresas` (`id`) ON DELETE NO ACTION ON UPDATE NO ACTION;

--
-- Constraints for table `func_tipo_informativo`
--
ALTER TABLE `func_tipo_informativo`
  ADD CONSTRAINT `func_tipo_informativo_ibfk_1` FOREIGN KEY (`funcionario_id`) REFERENCES `funcionarios` (`id`) ON DELETE NO ACTION ON UPDATE NO ACTION,
  ADD CONSTRAINT `func_tipo_informativo_ibfk_2` FOREIGN KEY (`tipo_informativo_id`) REFERENCES `tipos_informativos` (`id`) ON DELETE NO ACTION ON UPDATE NO ACTION;

--
-- Constraints for table `informativos`
--
ALTER TABLE `informativos`
  ADD CONSTRAINT `fk_informativos_2` FOREIGN KEY (`grupo_empresa_id`) REFERENCES `grupos_empresas` (`id`) ON DELETE NO ACTION ON UPDATE NO ACTION,
  ADD CONSTRAINT `fk_informativos_1` FOREIGN KEY (`tipo_informativo_id`) REFERENCES `tipos_informativos` (`id`) ON DELETE NO ACTION ON UPDATE NO ACTION;

--
-- Constraints for table `relatorios_destinatarios`
--
ALTER TABLE `relatorios_destinatarios`
  ADD CONSTRAINT `fk_relatorios_destinatarios_1` FOREIGN KEY (`relatorio_envio_id`) REFERENCES `relatorios_envios` (`id`) ON DELETE NO ACTION ON UPDATE NO ACTION;

--
-- Constraints for table `relatorios_envios`
--
ALTER TABLE `relatorios_envios`
  ADD CONSTRAINT `fk_relatorios_envios_1` FOREIGN KEY (`informativo_id`) REFERENCES `informativos` (`id`) ON DELETE NO ACTION ON UPDATE NO ACTION;

/*!40101 SET CHARACTER_SET_CLIENT=@OLD_CHARACTER_SET_CLIENT */;
/*!40101 SET CHARACTER_SET_RESULTS=@OLD_CHARACTER_SET_RESULTS */;
/*!40101 SET COLLATION_CONNECTION=@OLD_COLLATION_CONNECTION */;
